ExplorationSID;QuerySID;NbGroAdd;NbGroDel;NbSelAdd;NbSelDel;NbAggAdd;NbAggDel;AggLevel;FilterLevel
1;2;1;0;0;0;0;0;1;0
1;3;1;0;0;0;0;0;2;0
2;4;0;0;0;0;0;0;0;0
2;5;1;0;0;0;1;0;1;0
2;6;1;1;0;0;0;0;1;0
2;7;0;0;0;0;0;1;1;0
2;8;0;0;1;0;0;0;1;1
2;10;0;0;1;1;0;0;1;2
2;12;0;0;1;1;0;0;1;2
2;14;0;0;1;0;0;0;1;3
2;15;0;0;1;1;0;0;1;3
2;16;0;1;1;2;0;0;0;1
2;17;1;0;0;1;1;0;1;0
2;18;0;0;0;0;0;0;1;0
2;25;0;1;1;0;0;1;0;1
2;26;0;0;0;0;0;0;0;1
3;27;0;0;0;0;0;0;0;0
3;28;0;0;1;0;0;0;0;1
3;29;1;0;0;1;1;0;1;0
3;30;1;1;0;0;2;1;1;0
3;31;0;0;1;0;0;2;1;1
3;32;0;1;1;1;0;0;0;1
3;33;0;0;0;0;0;0;0;1
3;34;1;0;0;0;2;0;1;1
4;35;0;0;0;0;0;0;0;0
4;36;0;0;1;0;0;0;0;1
4;37;1;0;0;0;0;0;1;1
4;38;1;1;0;0;1;0;1;1
4;39;0;1;1;1;0;1;0;1
4;40;1;0;0;0;3;0;1;1
5;41;0;0;0;0;0;0;0;0
5;42;0;0;1;0;0;0;0;1
5;43;1;0;0;1;0;0;1;0
5;44;1;1;0;0;2;0;1;0
5;45;0;0;0;0;0;2;1;0
5;46;0;0;1;0;0;0;1;1
6;47;0;0;0;0;0;0;0;0
6;48;1;0;0;0;0;0;1;0
6;49;1;0;0;0;0;0;2;0
6;50;1;0;0;0;0;0;3;0
6;51;0;0;0;0;0;0;3;0
6;52;0;0;0;0;0;0;3;0
6;53;0;0;1;0;0;0;3;1
6;54;0;0;1;1;0;0;3;1
7;55;0;0;0;0;0;0;0;0
7;56;1;0;0;0;0;0;1;0
7;57;1;0;0;0;0;0;2;0
7;58;1;0;0;0;0;0;3;0
7;59;1;0;0;0;0;0;4;0
7;60;1;2;0;0;0;0;3;0
7;62;0;1;1;0;0;0;2;1
7;63;0;2;1;1;0;0;0;1
7;64;0;0;1;1;0;0;0;1
8;65;0;0;0;0;0;0;0;0
8;66;1;0;0;0;0;0;1;0
8;67;1;0;0;0;0;0;2;0
8;68;0;0;0;0;0;0;2;0
8;69;0;0;0;0;0;0;2;0
8;70;0;0;0;0;0;0;2;0
8;71;0;0;0;0;0;0;2;0
8;72;0;0;0;0;0;0;2;0
8;73;0;2;1;0;0;0;0;1
8;74;0;0;1;0;0;0;0;2
8;75;0;0;0;0;0;0;0;2
8;76;0;0;0;0;0;0;0;2
8;77;0;0;0;0;0;0;0;2
8;78;0;0;0;0;0;0;0;3
8;79;1;0;0;2;0;0;1;0
8;80;0;0;1;0;0;0;1;1
8;81;0;0;0;0;0;0;1;1
8;82;0;0;0;0;0;0;1;1
8;83;0;1;1;1;0;0;0;1
8;84;0;0;0;0;0;0;0;1
8;85;0;0;1;1;0;0;0;1
8;86;0;0;1;0;0;0;0;2
8;87;0;0;0;1;0;0;0;1
8;88;1;0;0;0;0;0;1;1
8;89;0;1;0;1;0;0;0;0
8;90;1;0;0;0;0;0;1;0
9;91;0;0;0;0;0;0;0;0
9;92;1;0;0;0;0;0;1;0
9;93;1;0;0;0;0;0;2;0
9;94;1;2;0;0;0;0;1;0
9;95;1;1;0;0;3;0;1;0
9;96;0;0;1;0;0;3;1;1
10;97;0;0;0;0;0;0;0;0
10;98;1;0;0;0;0;0;1;0
10;99;1;0;0;0;0;0;2;0
10;100;0;2;1;0;0;0;0;1
10;102;1;0;0;0;4;0;1;1
11;101;0;0;0;0;0;0;0;0
11;103;1;0;0;0;2;0;1;0
11;105;1;0;0;0;0;0;2;0
11;106;1;0;0;0;0;0;3;0
11;107;0;0;0;0;0;2;3;0
11;108;0;0;0;0;2;0;3;0
11;112;0;0;0;0;0;2;3;0
12;109;0;0;0;0;0;0;0;0
12;110;1;0;0;0;0;0;1;0
12;111;1;0;0;0;0;0;2;0
12;114;1;2;0;0;1;0;1;0
12;117;0;0;0;0;2;1;1;0
12;119;0;0;1;0;0;2;1;1
13;113;3;0;0;0;0;0;3;0
14;115;0;0;0;0;0;0;0;0
14;116;1;0;0;0;0;0;1;0
14;118;1;1;0;0;0;0;1;0
14;122;1;1;0;0;0;0;1;0
14;124;1;1;0;0;0;0;1;0
15;120;0;0;0;0;0;0;0;0
15;121;1;0;0;0;0;0;1;0
15;123;0;0;0;0;2;0;1;0
15;125;0;1;1;0;0;2;0;1
15;126;1;0;0;0;0;0;1;1
16;127;0;0;0;0;0;0;0;0
16;128;1;0;0;0;0;0;1;0
16;129;1;0;0;0;0;0;2;0
16;130;0;1;0;0;0;0;1;0
16;131;0;1;0;0;0;0;0;0
17;132;0;0;0;0;0;0;0;0
17;133;1;0;0;0;0;0;1;0
17;134;1;1;0;0;0;0;1;0
17;135;1;0;0;0;0;0;2;0
17;137;0;2;1;0;0;0;0;1
17;138;1;0;0;0;0;0;1;1
17;139;1;1;0;1;0;0;1;0
17;140;0;1;1;0;0;0;0;1
17;141;1;0;0;0;0;0;1;1
17;142;0;0;1;0;0;0;1;2
17;143;1;0;0;0;0;0;2;2
18;144;0;0;0;0;0;0;0;0
18;145;1;0;0;0;0;0;1;0
18;146;1;1;0;0;0;0;1;0
18;147;1;0;0;0;0;0;2;0
18;148;1;2;0;0;0;0;1;0
18;149;0;0;0;0;4;0;1;0
19;150;0;0;0;0;0;0;0;0
19;151;1;0;0;0;0;0;1;0
19;152;0;0;0;0;0;0;1;0
19;153;0;0;0;0;0;0;1;0
19;154;0;0;0;0;0;0;1;0
19;155;1;1;0;0;0;0;1;0
19;156;1;0;0;0;0;0;2;0
19;157;1;2;0;0;1;0;1;0
19;158;0;0;0;0;0;0;1;0
19;159;0;1;1;0;0;1;0;1
19;160;0;0;0;1;0;0;0;0
19;161;1;0;0;0;2;0;1;0
19;162;0;0;0;0;0;1;1;0
19;163;0;0;0;0;0;1;1;0
19;164;0;0;0;0;0;0;1;0
19;165;0;0;0;0;0;0;1;0
19;166;0;0;0;0;1;0;1;0
19;167;0;0;0;0;0;1;1;0
19;168;0;0;0;0;0;0;1;0
19;169;0;1;1;0;0;0;0;1
19;170;1;0;0;1;0;0;1;0
19;171;1;1;0;0;1;0;1;0
19;172;0;1;1;0;0;1;0;1
19;173;1;0;0;0;1;0;1;1
19;174;0;1;0;1;0;1;0;0
19;175;0;0;0;0;0;0;0;0
19;176;0;0;1;0;0;0;0;1
19;177;1;0;0;1;2;0;1;0
19;178;0;1;0;0;0;2;0;0
19;179;0;0;0;0;0;0;0;0
19;180;0;0;0;0;0;0;0;0
19;181;0;0;0;0;0;0;0;0
19;182;0;0;0;0;0;0;0;0
19;183;0;0;0;0;0;0;0;0
19;184;0;0;0;0;0;0;0;0
19;185;0;0;0;0;0;0;0;0
19;186;0;0;0;0;0;0;0;0
19;187;0;0;0;0;0;0;0;0
19;188;0;0;0;0;0;0;0;0
19;189;0;0;0;0;0;0;0;0
19;190;0;0;0;0;0;0;0;0
19;191;0;0;0;0;0;0;0;0
20;192;0;0;0;0;0;0;0;0
20;193;0;0;0;0;0;0;0;0
20;194;0;0;0;0;0;0;0;0
20;195;0;0;0;0;0;0;0;0
21;196;0;0;0;0;0;0;0;0
21;197;1;0;0;0;0;0;1;0
21;198;0;1;1;0;0;0;0;1
21;199;0;0;1;0;0;0;0;2
21;200;1;0;0;0;0;0;1;2
21;201;1;0;0;0;0;0;2;2
21;202;1;2;0;1;2;0;1;1
21;203;0;0;1;0;0;2;1;2
21;204;0;1;1;2;0;0;0;1
21;205;1;0;0;0;3;0;1;1
21;206;0;0;0;0;0;3;1;1
21;207;0;0;0;0;0;0;1;1
21;208;0;0;1;0;0;0;1;2
21;209;0;0;0;1;0;0;1;1
21;210;0;0;0;0;0;0;1;1
21;211;0;0;0;0;0;0;1;1
21;212;1;1;0;0;0;0;1;1
21;213;0;0;1;0;0;0;1;2
21;214;0;1;1;2;0;0;0;1
21;215;1;0;0;1;0;0;1;0
21;216;0;0;1;0;0;0;1;1
22;217;0;0;0;0;0;0;0;0
22;218;0;0;1;0;0;0;0;1
22;219;0;0;1;0;0;0;0;2
22;220;0;0;0;0;0;0;0;2
22;221;0;0;0;1;0;0;0;1
22;222;0;0;1;1;0;0;0;1
22;223;1;0;0;0;1;0;1;1
22;224;0;0;0;0;0;1;1;1
22;225;0;0;0;0;0;0;1;1
22;226;0;0;0;0;0;0;1;1
22;227;0;1;0;0;0;0;0;1
22;228;0;0;1;1;0;0;0;1
22;229;0;0;1;1;0;0;0;1
22;230;0;0;1;1;0;0;0;1
22;231;1;0;0;0;0;0;1;1
22;232;0;1;1;1;0;0;0;1
22;233;0;0;1;0;0;0;0;2
22;234;0;0;1;0;0;0;0;3
22;235;0;0;0;0;0;0;0;4
22;236;0;0;1;2;0;0;0;2
22;237;0;0;0;0;0;0;0;2
22;238;0;0;0;1;0;0;0;1
22;239;0;0;1;1;0;0;0;1
22;240;0;0;1;0;0;0;0;2
23;241;0;0;0;0;0;0;0;0
23;242;0;0;1;0;0;0;0;1
23;243;0;0;0;0;0;0;0;1
23;244;0;0;1;0;0;0;0;2
23;245;0;0;1;2;0;0;0;1
23;247;0;0;2;1;0;0;0;2
23;248;1;0;0;0;1;0;1;2
23;249;0;0;0;0;0;1;1;2
23;250;0;1;1;2;0;0;0;1
23;251;0;0;1;0;0;0;0;2
23;252;0;0;1;2;0;0;0;1
23;253;1;0;0;0;1;0;1;1
23;255;0;0;1;0;0;1;1;2
24;258;0;0;1;0;0;0;0;1
25;259;0;0;0;0;0;0;0;0
25;260;0;0;1;0;0;0;0;1
25;261;0;0;1;1;0;0;0;1
26;262;0;0;0;0;0;0;0;0
27;263;0;0;0;0;0;0;0;0
27;264;0;0;1;0;0;0;0;1
27;265;0;0;1;1;0;0;0;1
27;266;0;0;1;1;0;0;0;1
27;267;1;0;0;0;0;0;1;1
27;268;0;0;0;0;0;0;1;1
27;269;0;1;1;1;0;0;0;1
27;270;0;0;0;0;0;0;0;1
27;271;0;0;0;0;0;0;0;1
29;272;0;0;0;0;0;0;0;0
29;273;0;0;1;0;0;0;0;1
29;274;0;0;0;0;0;0;0;1
29;275;0;0;0;0;0;0;0;1
29;276;0;0;0;0;0;0;0;1
29;277;0;0;0;0;0;0;0;1
29;278;0;0;0;0;0;0;0;1
29;279;0;0;0;0;0;0;0;1
29;280;0;0;0;0;0;0;0;1
30;281;0;0;0;0;0;0;0;0
30;282;0;0;1;0;0;0;0;1
30;283;0;0;1;0;0;0;0;2
30;284;0;0;1;1;0;0;0;2
30;285;0;0;1;1;0;0;0;2
30;286;0;0;0;1;0;0;0;1
30;287;1;0;0;0;0;0;1;1
30;288;0;1;1;1;0;0;0;1
30;289;0;0;1;1;0;0;0;1
30;290;0;0;1;1;0;0;0;1
30;291;0;0;1;0;0;0;0;2
30;292;0;0;1;1;0;0;0;2
30;293;0;0;1;0;0;0;0;3
30;294;0;0;1;3;0;0;0;1
30;295;0;0;1;1;0;0;0;1
30;296;0;0;1;1;0;0;0;1
30;297;1;0;0;1;0;0;1;0
30;298;0;0;1;0;0;0;1;1
30;299;0;1;0;0;0;0;0;1
30;300;1;0;0;0;0;0;1;1
30;301;0;0;0;0;0;0;1;1
30;302;0;0;1;0;0;0;1;2
30;303;0;0;0;1;0;0;1;1
30;304;1;0;0;0;0;0;2;1
30;305;0;1;1;0;0;0;1;2
30;306;0;0;1;1;0;0;1;2
30;307;0;1;0;1;0;0;0;1
30;308;0;0;0;0;0;0;0;1
30;309;0;0;0;0;0;0;0;1
30;310;0;0;0;0;0;0;0;1
30;311;0;0;1;0;0;0;0;2
30;312;0;0;0;1;0;0;0;1
30;313;0;0;0;0;0;0;0;2
30;314;0;0;0;0;0;0;0;3
30;315;0;0;0;0;0;0;0;1
30;316;0;0;1;1;0;0;0;1
30;317;0;0;0;0;0;0;0;1
30;318;1;0;0;1;0;0;1;0
30;319;0;0;0;0;0;0;1;0
30;320;0;1;1;0;0;0;0;1
30;321;1;0;0;0;0;0;1;1
30;322;1;0;0;0;0;0;2;1
30;323;0;2;1;1;0;0;0;1
30;324;1;0;0;0;0;0;1;1
30;325;1;0;0;0;0;0;2;1
30;326;0;1;0;0;0;0;1;1
30;327;0;1;1;0;0;0;0;2
30;328;1;0;0;0;0;0;1;2
30;329;1;0;0;0;0;0;2;2
30;330;0;1;0;0;0;0;1;2
30;331;1;0;0;0;0;0;2;2
30;332;0;0;0;0;0;0;2;2
30;333;0;0;0;0;0;0;2;2
30;334;0;0;0;0;0;0;2;2
30;335;0;0;0;0;0;0;3;2
31;336;0;0;0;0;0;0;0;0
31;337;0;0;1;0;0;0;0;1
31;338;0;0;0;0;0;0;0;1
31;339;0;0;0;0;0;0;0;1
31;340;0;0;1;1;0;0;0;1
31;341;0;0;1;0;0;0;0;2
31;342;1;0;0;0;0;0;1;2
31;343;0;1;0;1;0;0;0;1
31;344;0;0;1;0;0;0;0;2
31;345;0;0;1;1;0;0;0;2
32;346;0;0;0;0;0;0;0;0
32;347;0;0;1;0;0;0;0;1
32;348;0;0;1;0;0;0;0;2
32;349;1;0;0;0;0;0;1;2
32;350;0;1;1;2;0;0;0;1
32;351;0;0;0;0;0;0;0;1
32;352;0;0;0;0;0;0;0;1
32;353;0;0;1;1;0;0;0;1
32;354;0;0;1;1;0;0;0;1
32;355;0;0;1;1;0;0;0;1
33;356;0;0;0;0;0;0;0;0
33;357;0;0;1;0;0;0;0;1
33;361;0;0;1;1;0;0;0;1
33;362;0;0;1;1;0;0;0;1
33;363;0;0;1;0;0;0;0;2
33;364;0;0;1;0;0;0;0;3
33;365;1;0;0;0;0;0;1;3
33;366;0;1;1;2;0;0;0;2
33;367;0;0;1;0;0;0;0;3
33;368;0;0;1;3;0;0;0;1
33;369;0;0;1;1;0;0;0;1
33;370;0;0;1;0;0;0;0;2
33;371;1;0;0;0;0;0;1;2
33;372;1;1;0;0;0;0;1;2
33;373;0;0;0;0;0;0;1;2
33;374;1;1;0;0;0;0;1;2
33;375;1;1;0;0;0;0;1;2
33;376;1;0;0;0;0;0;2;2
33;377;0;2;0;1;0;0;0;1
33;378;0;0;1;1;0;0;0;1
33;379;0;0;1;0;0;0;0;2
33;380;1;0;0;0;0;0;1;2
34;381;0;0;0;0;0;0;0;0
34;382;1;0;0;0;0;0;1;0
34;383;1;0;0;0;0;0;2;0
34;384;1;0;0;0;0;0;3;0
34;385;0;3;1;0;0;0;0;1
34;386;1;0;0;0;1;0;1;1
34;387;0;0;0;0;2;1;1;1
35;388;0;0;0;0;0;0;0;0
35;389;0;0;0;0;0;0;0;0
35;390;0;0;0;0;0;0;0;0
35;391;0;0;0;0;0;0;0;0
35;392;0;0;0;0;0;0;0;0
35;393;0;0;0;0;0;0;0;0
35;394;0;0;0;0;0;0;0;0
35;395;1;0;0;0;0;0;1;0
36;396;0;0;0;0;0;0;0;0
37;397;0;0;0;0;0;0;0;0
37;398;1;0;0;0;0;0;1;0
37;399;1;0;0;0;0;0;2;0
38;400;0;0;0;0;0;0;0;0
38;401;1;0;0;0;0;0;1;0
38;402;0;0;0;0;0;0;1;0
38;403;1;0;0;0;0;0;2;0
38;404;1;0;0;0;0;0;3;0
38;405;1;0;0;0;0;0;4;0
38;406;0;4;1;0;0;0;0;1
38;407;1;0;0;0;0;0;1;1
38;408;0;0;0;0;0;0;1;1
39;409;0;0;0;0;0;0;0;0
39;410;0;0;1;0;0;0;0;1
39;411;1;0;0;0;1;0;1;1
39;412;1;1;0;1;0;1;1;0
39;413;1;1;0;0;0;0;1;0
39;414;1;0;0;0;0;0;2;0
39;415;1;0;0;0;0;0;3;0
39;416;0;3;1;0;0;0;0;1
39;417;0;0;1;0;0;0;0;2
39;418;0;0;1;1;0;0;0;2
39;419;1;0;0;0;0;0;1;2
39;420;1;1;0;0;0;0;1;2
39;421;0;1;1;2;0;0;0;1
39;422;1;0;0;0;3;0;1;1
40;423;0;0;0;0;0;0;0;0
40;424;1;0;0;0;0;0;1;0
41;425;0;0;0;0;0;0;0;0
41;426;0;0;1;0;0;0;0;1
41;427;0;0;1;0;0;0;0;3
41;428;0;0;0;0;0;0;0;4
41;429;0;0;0;0;0;0;0;5
41;430;0;0;0;0;0;0;0;5
42;431;0;0;0;0;0;0;0;0
42;432;1;0;0;0;0;0;1;0
43;433;0;0;0;0;0;0;0;0
43;434;0;0;0;0;0;0;0;0
43;435;0;0;0;0;0;0;0;0
43;436;0;0;0;0;0;0;0;0
43;437;1;0;0;0;0;0;1;0
43;438;0;0;0;0;0;0;1;0
43;439;0;0;0;0;0;0;1;0
43;440;0;0;1;0;0;0;1;1
44;441;0;0;0;0;0;0;0;0
44;442;1;0;0;0;0;0;1;0
44;443;1;1;0;0;0;0;1;0
45;444;0;0;0;0;0;0;0;0
45;445;1;0;0;0;0;0;1;0
45;446;1;0;0;0;0;0;2;0
45;447;0;1;0;0;0;0;1;0
45;448;0;0;0;0;0;0;1;0
46;449;0;0;0;0;0;0;0;0
46;450;0;0;1;0;0;0;0;1
46;451;0;0;0;0;0;0;0;1
46;452;0;0;0;0;0;0;0;1
46;453;0;0;0;0;0;0;0;1
46;454;0;0;1;1;0;0;0;1
46;455;0;0;0;0;0;0;0;1
46;456;0;0;0;0;0;0;0;1
46;457;0;0;0;0;0;0;0;1
46;458;0;0;1;0;0;0;0;2
46;459;0;0;0;0;0;0;0;2
46;460;0;0;1;2;0;0;0;1
46;461;0;0;0;0;0;0;0;1
46;462;0;0;0;0;0;0;0;1
46;463;0;0;0;0;0;0;0;1
46;464;0;0;0;0;0;0;0;1
46;465;1;0;0;1;0;0;1;0
46;466;0;0;0;0;0;0;1;0
46;467;0;0;0;0;0;0;1;0
46;468;0;0;1;0;0;0;1;1
46;469;0;0;0;0;0;0;1;1
46;470;0;0;0;1;0;0;1;0
46;471;0;0;1;0;0;0;1;1
46;472;0;0;0;0;0;0;1;1
46;473;0;0;1;1;0;0;1;1
46;474;0;0;0;0;0;0;1;1
46;475;0;1;1;1;0;0;0;1
46;476;0;0;0;0;0;0;0;1
46;477;0;0;1;1;0;0;0;1
46;478;0;0;0;0;0;0;0;1
46;479;1;0;0;1;0;0;1;0
46;480;0;0;0;0;0;0;1;0
46;481;0;0;0;0;0;0;1;0
46;482;0;0;0;0;0;0;1;0
46;483;0;0;0;0;0;0;1;0
46;484;0;0;0;0;0;0;1;0
46;485;1;1;0;0;0;0;1;0
46;486;0;0;0;0;0;0;1;0
46;487;1;1;0;0;0;0;1;0
47;488;0;0;0;0;0;0;0;0
47;489;1;0;0;0;1;0;1;0
48;490;0;0;0;0;0;0;0;0
48;491;1;0;0;0;2;0;1;0
48;492;1;1;0;0;0;1;1;0
49;493;0;0;0;0;0;0;0;0
49;495;1;0;0;0;1;0;1;0
49;496;1;1;0;0;1;1;1;0
50;497;0;0;0;0;0;0;0;0
51;498;0;0;0;0;0;0;0;0
51;500;1;0;0;0;1;0;1;0
51;502;0;0;0;0;3;0;1;0
52;499;0;0;0;0;0;0;0;0
52;501;1;0;0;0;2;0;1;0
52;503;1;0;0;0;0;0;2;0
53;504;0;0;0;0;0;0;0;0
54;505;0;0;0;0;0;0;0;0
54;506;0;0;0;0;0;0;0;0
54;507;1;0;0;0;0;0;1;0
55;508;0;0;0;0;0;0;0;0
55;509;0;0;0;0;0;0;0;0
55;510;0;0;1;0;0;0;0;1
55;513;0;0;0;0;0;0;0;1
55;514;1;0;0;0;1;0;1;1
55;517;0;1;1;1;0;1;0;1
55;518;0;0;1;0;0;0;0;2
55;523;0;0;0;1;0;0;0;1
55;524;0;0;0;0;0;0;0;1
55;525;1;0;0;1;0;0;1;0
55;526;0;0;0;0;0;0;1;0
55;527;0;0;0;0;0;0;1;0
55;528;0;0;0;0;0;0;1;0
55;529;0;0;0;0;0;0;1;0
55;530;0;1;0;0;0;0;0;0
55;531;0;0;0;0;0;0;0;0
55;532;0;0;0;0;0;0;0;0
55;533;0;0;0;0;0;0;0;0
55;534;0;0;0;0;0;0;0;0
55;535;0;0;1;0;0;0;0;1
55;536;0;0;0;0;0;0;0;1
55;537;1;0;0;0;0;0;1;1
56;511;0;0;0;0;0;0;0;0
56;515;0;0;0;0;0;0;0;0
56;516;0;0;0;0;0;0;0;0
57;538;0;0;0;0;0;0;0;0
57;539;1;0;0;0;0;0;1;0
57;540;1;1;0;0;0;0;1;0
57;541;0;0;1;0;0;0;1;1
57;542;0;0;1;1;0;0;1;1
57;543;0;0;1;0;0;0;1;2
57;544;1;0;0;1;0;0;2;1
57;545;0;0;0;0;1;0;2;1
57;546;0;1;0;1;0;1;1;0
58;547;0;0;0;0;0;0;0;0
59;548;0;0;0;0;0;0;0;0
59;549;1;0;0;0;0;0;1;0
59;550;0;0;0;0;0;0;1;0
59;551;0;0;0;0;1;0;1;0
59;552;0;0;0;0;0;1;1;0
59;553;0;0;0;0;0;0;1;0
59;554;1;1;0;0;0;0;1;0
59;555;0;1;1;0;0;0;0;1
59;556;1;0;0;1;2;0;1;0
59;557;0;0;0;0;0;2;1;0
59;558;0;0;0;0;0;0;1;0
59;559;1;1;0;0;0;0;1;0
59;560;1;0;0;0;0;0;2;0
59;561;0;1;0;0;0;0;1;0
59;562;1;0;0;0;0;0;2;0
59;563;1;2;0;0;0;0;1;0
59;564;1;0;0;0;0;0;2;0
59;565;1;2;0;0;0;0;1;0
60;566;0;0;0;0;0;0;0;0
60;567;1;0;0;0;0;0;1;0
60;568;1;0;0;0;0;0;2;0
60;569;0;1;0;0;0;0;1;0
60;570;1;0;0;0;0;0;2;0
60;571;1;2;0;0;0;0;1;0
60;572;1;1;0;0;0;0;1;0
60;573;0;0;0;0;1;0;1;0
60;574;0;0;1;0;0;1;1;1
60;575;0;0;0;0;0;0;1;1
60;576;1;0;0;1;1;0;2;0
60;577;0;1;0;0;0;1;1;0
60;578;1;1;0;0;0;0;1;0
60;579;1;0;0;0;0;0;2;0
60;580;0;1;0;0;0;0;1;0
60;581;1;0;0;0;0;0;2;0
61;582;0;0;0;0;0;0;0;0
61;583;1;0;0;0;0;0;1;0
62;584;0;0;0;0;0;0;0;0
63;585;0;0;0;0;0;0;0;0
63;586;1;0;0;0;0;0;1;0
63;587;1;1;0;0;0;0;1;0
63;588;1;1;0;0;0;0;1;0
63;589;1;1;0;0;0;0;1;0
63;590;1;1;0;0;0;0;1;0
64;591;0;0;0;0;0;0;0;0
64;592;0;0;1;0;0;0;0;1
64;593;0;0;0;0;0;0;0;1
64;594;1;0;0;0;0;0;1;1
64;595;0;0;0;0;0;0;1;1
64;596;0;0;0;0;0;0;1;1
64;597;1;0;0;0;0;0;2;1
64;598;0;0;0;0;0;0;2;1
64;599;0;0;0;0;0;0;2;1
64;600;0;0;0;0;0;0;2;2
64;601;0;0;0;0;0;0;2;3
64;602;1;0;0;0;0;0;3;3
64;603;1;0;0;0;0;0;4;3
64;604;0;0;0;0;0;0;5;3
64;605;0;0;0;0;0;0;5;3
64;606;0;0;0;0;0;0;5;3
64;607;1;0;0;0;0;0;6;3
65;608;6;0;3;0;0;0;6;3
66;609;0;0;0;0;0;0;0;0
66;610;0;0;1;0;0;0;0;1
66;611;0;0;0;0;0;0;0;2
66;612;0;0;0;0;0;0;0;3
66;613;0;0;0;0;0;0;0;4
67;614;0;0;0;0;0;0;0;0
67;615;0;0;1;0;0;0;0;1
67;617;0;0;1;0;0;0;0;2
67;618;0;0;1;0;0;0;0;3
67;619;0;0;0;0;0;0;0;3
67;620;0;0;1;3;0;0;0;1
67;621;0;0;0;0;0;0;0;2
67;622;0;0;1;1;0;0;0;1
67;623;0;0;1;1;0;0;0;1
68;616;0;0;0;0;0;0;0;0
69;624;0;0;0;0;0;0;0;0
69;625;0;0;0;0;0;0;0;0
70;626;0;0;0;0;0;0;0;0
70;627;0;0;1;0;0;0;0;1
70;628;0;0;1;0;0;0;0;2
70;629;0;0;1;0;0;0;0;3
71;630;0;0;0;0;0;0;0;0
72;631;0;0;0;0;0;0;0;0
73;632;0;0;0;0;0;0;0;0
74;633;0;0;0;0;0;0;0;0
74;634;1;0;0;0;0;0;1;0
74;635;0;0;0;0;0;0;1;0
74;636;0;0;0;0;1;0;1;0
74;637;1;1;0;0;1;1;1;0
74;638;1;1;0;0;0;0;1;0
74;639;0;1;1;0;0;1;0;1
74;640;1;0;0;1;1;0;1;0
74;641;0;1;1;0;0;1;0;1
74;642;0;0;1;1;0;0;0;1
75;643;0;0;0;0;0;0;0;0
75;644;0;0;0;0;0;0;0;0
75;645;1;0;0;0;1;0;1;0
75;646;1;1;0;0;1;1;1;0
76;647;0;0;0;0;0;0;0;0
77;648;0;0;0;0;0;0;0;0
77;649;1;0;0;0;1;0;1;0
77;650;0;0;0;0;0;0;1;0
77;651;0;0;0;0;0;0;1;0
78;652;0;0;0;0;0;0;0;0
78;653;0;0;1;0;0;0;0;1
78;654;0;0;1;1;0;0;0;1
79;655;0;0;0;0;0;0;0;0
79;656;0;0;1;0;0;0;0;1
80;657;0;0;0;0;0;0;0;0
80;658;0;0;0;0;0;0;0;0
80;659;1;0;0;0;0;0;1;0
80;660;1;0;0;0;0;0;2;0
81;661;0;0;0;0;0;0;0;0
82;662;0;0;0;0;0;0;0;0
82;663;1;0;0;0;0;0;1;0
82;664;1;0;0;0;0;0;2;0
82;665;0;0;0;0;0;0;2;0
82;666;0;0;0;0;0;0;2;0
82;667;0;0;0;0;0;0;2;0
82;668;0;0;0;0;0;0;2;0
82;669;0;0;0;0;0;0;2;0
82;670;1;0;0;0;0;0;3;0
82;671;0;0;0;0;0;0;3;0
82;672;0;0;0;0;0;0;3;0
82;673;0;0;0;0;0;0;3;0
82;674;0;0;0;0;0;0;3;0
82;675;0;0;0;0;0;0;3;0
82;676;0;0;0;0;0;0;3;0
83;677;0;0;0;0;0;0;0;0
83;678;1;0;0;0;1;0;1;0
83;679;0;1;1;0;0;1;0;1
84;680;0;0;0;0;0;0;0;0
84;681;1;0;0;0;0;0;1;0
84;682;1;1;0;0;0;0;1;0
84;683;1;1;0;0;0;0;1;0
84;684;1;0;0;0;0;0;2;0
84;685;1;2;0;0;0;0;1;0
84;686;1;0;0;0;0;0;2;0
84;687;1;2;0;0;0;0;1;0
84;688;1;1;0;0;0;0;1;0
85;689;0;0;0;0;0;0;0;0
85;690;0;0;0;0;0;0;0;0
86;691;0;0;0;0;0;0;0;0
87;692;0;0;0;0;0;0;0;0
88;693;0;0;0;0;0;0;0;0
88;694;0;0;1;0;0;0;0;1
89;695;0;0;0;0;0;0;0;0
90;696;0;0;0;0;0;0;0;0
90;697;0;0;1;0;0;0;0;1
90;698;0;0;0;0;0;0;0;2
90;699;0;0;1;0;0;0;0;4
90;700;0;0;1;0;0;0;0;5
90;701;0;0;1;0;0;0;0;6
90;702;0;0;0;0;0;0;0;7
91;703;0;0;0;0;0;0;0;0
92;704;0;0;0;0;0;0;0;0
92;705;0;0;1;0;0;0;0;1
92;706;1;0;0;0;0;0;1;1
92;707;0;1;1;0;0;0;0;2
92;708;1;0;0;0;0;0;1;2
93;709;0;0;0;0;0;0;0;0
93;710;1;0;0;0;0;0;1;0
93;711;1;0;0;0;0;0;2;0
94;712;0;0;0;0;0;0;0;0
94;713;0;0;0;0;0;0;0;0
95;714;0;0;0;0;0;0;0;0
96;715;0;0;0;0;0;0;0;0
97;716;0;0;0;0;0;0;0;0
98;717;0;0;0;0;0;0;0;0
99;718;0;0;0;0;0;0;0;0
100;719;0;0;0;0;0;0;0;0
100;720;1;0;0;0;0;0;1;0
100;721;1;0;0;0;0;0;2;0
100;722;1;0;0;0;0;0;3;0
100;723;0;0;0;0;0;0;3;0
101;724;0;0;0;0;0;0;0;0
101;725;1;0;0;0;0;0;1;0
102;726;0;0;0;0;0;0;0;0
103;727;0;0;0;0;0;0;0;0
104;728;0;0;0;0;0;0;0;0
104;729;0;0;1;0;0;0;0;1
104;730;0;0;0;0;0;0;0;2
105;731;0;0;0;0;0;0;0;0
105;732;0;0;1;0;0;0;0;1
105;733;0;0;0;0;0;0;0;1
105;734;0;0;0;0;0;0;0;1
105;735;0;0;0;0;0;0;0;1
105;736;0;0;0;0;0;0;0;1
105;737;0;0;0;0;0;0;0;1
105;738;0;0;0;0;0;0;0;1
105;739;0;0;0;0;0;0;0;1
105;740;0;0;0;0;0;0;0;1
105;741;0;0;0;0;0;0;0;1
105;742;0;0;0;0;0;0;0;1
105;743;0;0;0;0;0;0;0;2
105;744;0;0;0;0;0;0;0;2
105;745;0;0;0;0;0;0;0;2
105;746;0;0;0;0;0;0;0;2
105;747;0;0;0;0;0;0;0;2
106;748;0;0;0;0;0;0;0;0
106;749;0;0;0;0;0;0;0;0
106;750;0;0;0;0;0;0;0;0
107;751;0;0;0;0;0;0;0;0
108;752;0;0;0;0;0;0;0;0
109;753;0;0;0;0;0;0;0;0
110;754;0;0;0;0;0;0;0;0
110;755;0;0;0;0;0;0;0;0
110;756;0;0;0;0;0;0;0;0
110;757;1;0;0;0;0;0;1;0
111;758;0;0;0;0;0;0;0;0
111;759;0;0;1;0;0;0;0;1
112;760;0;0;0;0;0;0;0;0
113;761;0;0;0;0;0;0;0;0
115;762;0;0;0;0;0;0;0;0
115;763;0;0;1;0;0;0;0;1
115;764;0;0;0;0;0;0;0;2
115;765;0;0;0;0;0;0;0;3
115;767;0;0;0;0;0;0;0;4
116;766;0;0;0;0;0;0;0;0
116;768;1;0;0;0;0;0;1;0
117;769;0;0;0;0;0;0;0;0
118;770;0;0;0;0;0;0;0;0
118;771;0;0;1;0;0;0;0;1
118;772;0;0;1;1;0;0;0;1
118;773;0;0;0;0;0;0;0;1
118;774;0;0;0;0;0;0;0;1
118;775;0;0;0;0;0;0;0;1
118;776;0;0;1;0;0;0;0;2
118;777;0;0;1;0;0;0;0;3
118;778;0;0;0;0;0;0;0;3
118;779;0;0;0;0;0;0;0;4
118;780;0;0;0;2;0;0;0;2
118;781;0;0;1;0;0;0;0;3
118;782;0;0;0;1;0;0;0;1
118;783;0;0;0;0;0;0;0;1
118;784;0;0;1;0;0;0;0;2
118;785;0;0;0;0;0;0;0;2
118;786;0;0;1;1;0;0;0;2
118;787;0;0;0;0;0;0;0;2
118;788;0;0;0;2;0;0;0;0
118;789;0;0;0;0;0;0;0;0
118;790;0;0;0;0;0;0;0;0
119;791;0;0;0;0;0;0;0;0
120;792;0;0;0;0;0;0;0;0
121;793;0;0;0;0;0;0;0;0
122;794;0;0;0;0;0;0;0;0
123;795;0;0;0;0;0;0;0;0
124;796;0;0;0;0;0;0;0;0
125;797;0;0;0;0;0;0;0;0
125;799;0;0;1;0;0;0;0;1
125;800;0;0;0;0;0;0;0;2
126;798;0;0;0;0;0;0;0;0
127;801;0;0;0;0;0;0;0;0
127;802;0;0;1;0;0;0;0;1
128;803;0;0;0;0;0;0;0;0
129;804;0;0;0;0;0;0;0;0
129;805;0;0;0;0;0;0;0;0
129;806;0;0;0;0;0;0;0;0
129;807;0;0;0;0;0;0;0;0
129;808;0;0;0;0;0;0;0;0
130;809;0;0;0;0;0;0;0;0
130;813;1;0;0;0;0;0;1;0
130;814;1;0;0;0;0;0;2;0
130;815;1;0;0;0;0;0;3;0
130;821;0;0;0;0;0;0;3;0
131;816;0;0;0;0;0;0;0;0
132;817;0;0;0;0;0;0;0;0
132;820;0;0;1;0;0;0;0;1
132;822;0;0;0;0;0;0;0;1
132;823;0;0;0;0;0;0;0;1
132;824;0;0;0;0;0;0;0;1
132;825;0;0;0;0;0;0;0;1
132;826;0;0;0;0;0;0;0;1
132;827;0;0;0;0;0;0;0;1
132;828;0;0;0;0;0;0;0;1
132;829;0;0;0;0;0;0;0;1
132;830;0;0;0;0;0;0;0;1
132;831;1;0;0;0;0;0;1;1
133;818;0;0;0;0;0;0;0;0
133;819;0;0;0;0;0;0;0;0
134;832;0;0;0;0;0;0;0;0
135;833;0;0;0;0;0;0;0;0
135;834;1;0;0;0;0;0;1;0
135;835;1;0;0;0;0;0;2;0
135;836;1;0;0;0;0;0;3;0
135;837;1;0;0;0;0;0;4;0
135;838;0;0;0;0;0;0;4;0
136;839;0;0;0;0;0;0;0;0
137;840;0;0;0;0;0;0;0;0
138;841;0;0;0;0;0;0;0;0
138;842;0;0;1;0;0;0;0;1
138;843;1;0;0;0;0;0;1;1
138;844;1;0;0;0;0;0;2;1
139;845;2;0;1;0;0;0;2;1
139;846;0;0;1;0;0;0;2;2
140;847;0;0;0;0;0;0;0;0
141;848;0;0;0;0;0;0;0;0
142;849;0;0;0;0;0;0;0;0
142;850;0;0;0;0;0;0;0;0
142;851;0;0;1;0;0;0;0;1
143;853;0;0;0;0;0;0;0;0
143;854;0;0;1;0;0;0;0;1
143;855;0;0;1;0;0;0;0;4
143;856;0;0;0;0;0;0;0;5
145;862;0;0;0;0;0;0;0;0
146;865;0;0;0;0;0;0;0;0
147;868;0;0;0;0;0;0;0;0
148;869;0;0;0;0;0;0;0;0
148;870;0;0;0;0;0;0;0;0
149;871;0;0;0;0;0;0;0;0
149;872;1;0;0;0;0;0;1;0
149;873;0;0;0;0;4;0;1;0
149;874;0;0;0;0;0;1;2;0
150;875;0;0;0;0;0;0;0;0
150;876;0;0;0;0;0;0;0;0
150;877;1;0;0;0;0;0;1;0
150;878;0;0;0;0;0;0;1;0
151;879;0;0;0;0;0;0;0;0
152;880;0;0;0;0;0;0;0;0
153;881;0;0;0;0;0;0;0;0
153;882;0;0;1;0;0;0;0;1
154;883;0;0;0;0;0;0;0;0
155;884;0;0;0;0;0;0;0;0
155;887;0;0;1;0;0;0;0;1
155;888;0;0;1;0;0;0;0;2
156;885;0;0;0;0;0;0;0;0
157;886;0;0;0;0;0;0;0;0
158;889;0;0;0;0;0;0;0;0
159;890;0;0;0;0;0;0;0;0
160;891;0;0;0;0;0;0;0;0
161;892;0;0;0;0;0;0;0;0
161;893;0;0;1;0;0;0;0;1
161;895;0;0;1;0;0;0;0;3
162;896;0;0;0;0;0;0;0;0
162;897;0;0;1;0;0;0;0;1
162;898;0;0;1;0;0;0;0;2
162;899;0;0;0;0;0;0;0;3
163;900;0;0;0;0;0;0;0;0
163;901;0;0;1;0;0;0;0;1
164;902;0;0;0;0;0;0;0;0
164;905;0;0;1;0;0;0;0;1
164;906;0;0;1;0;0;0;0;2
164;907;0;0;1;0;0;0;0;3
164;908;0;0;1;0;0;0;0;4
164;909;0;0;1;0;0;0;0;5
165;903;0;0;0;0;0;0;0;0
165;904;0;0;1;0;0;0;0;1
166;910;0;0;0;0;0;0;0;0
167;911;0;0;0;0;0;0;0;0
168;912;0;0;0;0;0;0;0;0
169;913;0;0;0;0;0;0;0;0
170;914;0;0;0;0;0;0;0;0
170;915;1;0;0;0;0;0;1;0
170;916;0;1;0;0;0;0;0;0
170;917;1;0;0;0;0;0;1;0
170;918;1;0;0;0;0;0;2;0
170;919;0;0;0;0;0;0;2;0
170;920;0;0;0;0;0;0;2;0
171;921;0;0;0;0;0;0;0;0
171;922;0;0;0;0;0;0;0;0
171;923;0;0;0;0;0;0;0;0
171;924;0;0;0;0;0;0;0;0
171;925;0;0;0;0;0;0;0;0
171;926;0;0;0;0;0;0;0;0
171;927;1;0;0;0;2;0;1;0
171;928;0;0;0;0;0;2;1;0
171;929;0;0;0;0;0;0;1;0
171;930;1;0;0;0;1;0;2;0
171;931;0;0;0;0;0;1;2;0
171;932;0;0;1;0;0;0;2;1
171;933;0;0;0;0;0;0;2;2
171;934;0;0;0;0;0;0;2;3
171;935;0;0;0;0;0;0;2;4
171;936;0;0;0;0;0;0;2;5
171;937;0;0;0;0;0;0;2;6
171;938;0;0;0;0;0;0;2;7
171;939;0;0;0;0;0;0;2;4
172;940;0;0;0;0;0;0;0;0
172;941;0;0;1;0;0;0;0;1
172;943;0;0;0;0;0;0;0;1
172;944;0;0;0;0;0;0;0;1
172;945;0;0;0;1;0;0;0;0
172;946;0;0;1;0;0;0;0;1
172;947;1;0;0;0;0;0;1;1
172;948;0;0;1;0;0;0;1;2
172;949;1;0;0;0;1;0;2;2
172;950;0;0;0;0;0;1;2;2
172;951;0;0;0;0;0;0;2;2
172;952;0;0;0;0;0;0;2;2
172;953;0;0;0;0;2;0;2;2
172;954;0;0;0;0;0;2;2;2
172;955;0;0;0;0;0;0;2;2
172;956;0;0;0;0;0;0;2;2
172;957;0;0;0;0;0;0;2;2
172;958;0;0;0;0;0;0;2;3
172;959;0;0;0;0;0;0;2;3
172;960;0;0;0;0;0;0;2;4
172;961;0;0;0;0;0;0;2;4
172;962;0;0;0;0;3;0;3;4
173;942;0;0;0;0;0;0;0;0
175;969;0;0;0;0;0;0;0;0
176;970;1;0;1;0;0;0;1;1
176;971;0;0;0;0;0;0;1;1
176;972;0;0;0;0;0;0;1;1
176;973;0;0;0;0;0;0;1;1
176;974;0;0;0;0;0;0;1;1
176;975;0;0;0;0;0;0;1;1
176;976;0;0;0;0;0;0;1;1
176;977;0;0;1;0;0;0;1;2
176;978;0;0;1;0;0;0;1;3
176;979;0;0;0;0;0;0;1;3
176;980;0;0;0;0;0;0;1;4
176;981;0;0;0;2;0;0;1;1
176;982;0;0;0;0;0;0;1;1
176;983;0;0;0;0;0;0;1;1
176;984;0;0;0;0;0;0;1;1
176;985;0;0;0;0;0;0;1;2
176;986;0;0;0;0;0;0;1;2
176;987;0;0;0;0;0;0;1;2
176;988;0;0;0;0;0;0;1;2
176;989;0;0;0;0;0;0;1;2
176;990;1;0;0;0;0;0;2;2
176;991;0;0;0;0;0;0;2;2
177;992;0;0;0;0;0;0;0;0
177;993;0;0;0;0;0;0;0;0
177;994;0;0;0;0;0;0;0;0
177;995;0;0;0;0;0;0;0;0
177;996;0;0;0;0;0;0;0;0
177;997;0;0;0;0;0;0;0;0
177;998;0;0;0;0;0;0;0;0
177;999;0;0;0;0;0;0;0;0
177;1000;0;0;0;0;0;0;0;0
178;1001;0;0;0;0;0;0;0;0
178;1002;1;0;0;0;0;0;1;0
178;1005;0;0;0;0;0;0;1;0
178;1006;0;0;0;0;0;0;1;0
178;1007;0;0;0;0;0;0;1;0
178;1008;0;0;0;0;0;0;1;0
178;1009;1;0;0;0;0;0;2;0
178;1010;0;0;0;0;0;0;2;0
178;1011;0;0;0;0;0;0;3;0
178;1012;0;0;0;0;0;0;3;0
178;1013;0;0;0;0;0;0;4;0
178;1014;0;0;0;0;0;0;4;0
178;1015;0;0;0;0;0;0;4;0
178;1016;1;0;0;0;0;0;5;0
179;1017;0;0;0;0;0;0;0;0
179;1018;1;0;0;0;0;0;1;0
179;1019;0;0;0;0;0;0;1;0
179;1020;1;0;0;0;0;0;2;0
180;1021;0;0;0;0;0;0;0;0
182;1047;0;0;0;0;0;0;0;0
183;1048;0;0;0;0;0;0;0;0
184;1049;0;0;0;0;0;0;0;0
185;1050;0;0;0;0;0;0;0;0
185;1051;0;0;0;0;0;0;0;0
185;1052;0;0;0;0;0;0;0;0
185;1053;0;0;0;0;0;0;0;0
185;1054;0;0;0;0;0;0;0;0
185;1055;0;0;0;0;0;0;0;0
185;1056;0;0;0;0;0;0;0;0
185;1057;1;0;0;0;0;0;1;0
185;1058;0;0;0;0;0;0;1;0
185;1059;1;0;0;0;0;0;2;0
186;1060;0;0;0;0;0;0;0;0
186;1061;1;0;0;0;0;0;1;0
187;1062;0;0;0;0;0;0;0;0
187;1063;0;0;0;0;0;0;0;0
187;1064;0;0;0;0;0;0;0;0
187;1065;1;0;0;0;0;0;1;0
187;1066;0;0;0;0;0;0;1;0
187;1067;0;0;0;0;0;0;1;0
187;1068;0;0;0;0;0;0;1;0
187;1069;0;0;0;0;0;0;1;0
187;1070;0;0;0;0;0;0;1;0
187;1071;0;0;0;0;0;0;1;0
187;1072;0;0;0;0;0;0;1;0
187;1073;0;0;0;0;0;0;1;0
187;1074;0;0;0;0;0;0;2;0
187;1075;0;0;0;0;0;0;2;0
187;1076;0;0;0;0;0;0;2;0
187;1077;0;0;0;0;0;0;2;0
187;1078;0;0;0;0;0;0;2;0
187;1079;0;0;0;0;0;0;3;0
187;1080;0;0;0;0;0;0;3;0
187;1081;0;0;1;0;0;0;3;1
187;1082;0;0;0;0;0;0;3;1
187;1083;0;0;0;0;0;0;3;1
187;1084;0;0;0;0;0;0;3;1
187;1085;0;0;0;0;0;0;3;1
187;1086;0;0;0;0;0;0;3;1
187;1087;0;0;0;0;0;0;3;1
187;1088;0;0;0;0;0;0;3;1
187;1089;0;0;0;0;0;0;3;1
187;1090;0;0;0;0;0;0;3;1
187;1091;1;0;0;0;0;0;4;1
187;1092;0;1;1;1;0;0;1;1
187;1093;0;0;1;0;0;0;1;2
187;1094;0;0;0;0;0;0;1;2
187;1095;0;0;0;0;0;0;1;3
187;1096;0;0;0;0;0;0;1;3
187;1097;0;0;0;0;0;0;1;3
187;1098;0;0;0;0;0;0;1;3
187;1099;0;0;0;0;0;0;1;3
187;1100;0;0;0;0;0;0;1;3
187;1101;1;0;0;0;0;0;2;3
187;1102;0;0;0;0;0;0;2;3
187;1103;0;0;0;0;0;0;2;3
187;1104;0;0;0;0;0;0;2;3
187;1105;0;0;0;0;0;0;2;3
187;1106;0;0;0;0;0;0;2;3
187;1107;0;0;0;0;0;0;2;3
187;1108;0;0;0;0;0;0;2;3
187;1109;0;0;0;0;0;0;2;3
187;1110;0;0;0;0;0;0;2;3
187;1111;0;0;0;0;0;0;2;3
188;1112;0;0;0;0;0;0;0;0
188;1113;1;0;0;0;0;0;1;0
189;1114;0;0;0;0;0;0;0;0
190;1115;0;0;0;0;0;0;0;0
190;1116;1;0;0;0;0;0;1;0
190;1117;0;0;0;0;0;0;1;0
190;1118;1;0;0;0;0;0;2;0
190;1119;0;0;1;0;0;0;2;1
190;1120;0;0;0;0;0;0;3;1
190;1121;0;0;0;0;0;0;3;1
190;1122;0;0;0;0;0;0;3;1
190;1123;0;0;1;0;0;0;3;2
191;1124;0;0;0;0;0;0;0;0
191;1125;0;0;1;0;0;0;0;1
192;1126;0;0;0;0;0;0;0;0
192;1127;0;0;1;0;0;0;0;1
192;1128;1;0;0;0;0;0;1;1
192;1129;0;0;0;0;0;0;1;1
192;1130;0;0;0;0;0;0;1;1
192;1131;0;0;0;0;0;0;1;1
192;1132;0;0;0;0;0;0;2;1
192;1133;0;0;0;0;0;0;2;1
192;1134;0;0;0;0;0;0;2;1
192;1135;1;0;0;0;0;0;3;1
192;1136;0;0;0;0;0;0;3;1
192;1137;1;0;0;0;0;0;4;1
193;1138;0;0;0;0;0;0;0;0
193;1139;0;0;0;0;0;0;0;0
193;1140;1;0;0;0;0;0;1;0
194;1141;0;0;0;0;0;0;0;0
194;1142;0;0;1;0;0;0;0;1
194;1143;0;0;0;0;0;0;0;1
194;1144;1;0;0;0;0;0;1;1
194;1145;0;1;0;0;0;0;0;1
195;1146;0;0;0;0;0;0;0;0
195;1147;0;0;1;0;0;0;0;1
195;1148;0;0;1;1;0;0;0;1
195;1149;0;0;1;1;0;0;0;1
195;1150;0;0;1;1;0;0;0;1
195;1151;0;0;1;1;0;0;0;1
195;1152;0;0;1;1;0;0;0;1
195;1153;0;0;0;1;0;0;0;0
195;1154;0;0;0;0;0;0;0;0
195;1155;1;0;0;0;0;0;1;0
196;1156;0;0;0;0;0;0;0;0
196;1157;0;0;0;0;0;0;0;0
196;1158;1;0;0;0;0;0;1;0
196;1159;0;1;1;0;0;0;0;1
196;1160;0;0;1;1;0;0;0;1
196;1161;0;0;1;1;0;0;0;1
197;1162;0;0;0;0;0;0;0;0
197;1163;1;0;0;0;0;0;1;0
197;1164;1;1;0;0;0;0;1;0
197;1165;1;1;0;0;0;0;1;0
197;1166;0;1;1;0;0;0;0;1
197;1167;1;0;0;0;0;0;1;1
198;1168;0;0;0;0;0;0;0;0
199;1169;0;0;0;0;0;0;0;0
199;1170;0;0;1;0;0;0;0;1
199;1171;0;0;1;1;0;0;0;1
199;1172;0;0;1;1;0;0;0;1
199;1173;0;0;1;1;0;0;0;1
199;1174;1;0;0;1;0;0;1;0
199;1175;0;1;0;0;0;0;0;0
199;1176;1;0;0;0;0;0;1;0
199;1177;0;1;1;0;0;0;0;1
199;1178;0;0;1;1;0;0;0;1
200;1179;0;0;0;0;0;0;0;0
200;1180;1;0;0;0;0;0;1;0
200;1181;1;1;0;0;0;0;1;0
200;1182;1;1;0;0;0;0;1;0
201;1183;0;0;0;0;0;0;0;0
201;1184;1;0;0;0;0;0;1;0
201;1185;1;1;0;0;0;0;1;0
201;1186;1;1;0;0;0;0;1;0
201;1187;1;0;0;0;0;0;2;0
201;1188;1;1;0;0;0;0;2;0
201;1189;1;2;0;0;0;0;1;0
201;1190;1;1;0;0;0;0;1;0
201;1191;1;0;0;0;0;0;2;0
201;1192;1;2;0;0;0;0;1;0
201;1193;1;0;0;0;0;0;2;0
201;1194;0;1;0;0;0;0;1;0
201;1195;1;0;0;0;0;0;2;0
201;1196;0;1;0;0;0;0;1;0
202;1197;0;0;0;0;0;0;0;0
202;1198;1;0;0;0;0;0;1;0
202;1199;1;0;0;0;0;0;2;0
202;1200;1;1;0;0;0;0;2;0
202;1201;1;2;0;0;0;0;1;0
203;1202;0;0;0;0;0;0;0;0
204;1203;0;0;0;0;0;0;0;0
204;1204;1;0;0;0;0;0;1;0
204;1205;0;0;0;0;0;0;1;0
205;1206;0;0;0;0;0;0;0;0
205;1220;1;0;0;0;0;0;1;0
205;1246;0;1;1;0;0;0;0;1
205;1259;1;0;0;1;0;0;1;0
205;1268;0;0;0;0;0;0;1;0
205;1273;1;0;0;0;0;0;2;0
205;1286;1;2;0;0;1;0;1;0
205;1287;0;1;1;0;0;1;0;1
205;1289;1;0;0;0;1;0;1;1
205;1303;0;1;0;0;0;1;0;1
205;1305;1;0;0;0;0;0;1;1
205;1306;1;0;0;0;0;0;2;1
205;1307;1;0;0;0;0;0;3;1
205;1310;0;2;0;0;2;0;1;1
206;1207;0;0;0;0;0;0;0;0
206;1209;0;0;0;0;0;0;0;0
206;1210;0;0;0;0;0;0;0;0
206;1211;0;0;0;0;0;0;0;0
206;1212;0;0;0;0;0;0;0;0
206;1213;1;0;0;0;0;0;1;0
207;1208;0;0;0;0;0;0;0;0
207;1270;1;0;0;0;0;0;1;0
207;1276;1;0;0;0;0;0;2;0
207;1290;1;2;0;0;0;0;1;0
207;1292;0;0;1;0;0;0;1;1
207;1293;0;0;0;0;0;0;1;1
207;1313;0;0;0;1;0;0;1;0
207;1319;1;0;0;0;0;0;2;0
208;1214;0;0;0;0;0;0;0;0
209;1215;0;0;0;0;0;0;0;0
217;1219;0;0;0;0;0;0;0;0
217;1251;0;0;1;0;0;0;0;1
217;1252;0;0;0;0;0;0;0;1
217;1337;0;0;1;1;0;0;0;1
217;1341;0;0;0;0;0;0;0;1
217;1349;1;0;0;0;0;0;1;1
217;1371;0;1;1;1;0;0;0;1
217;1374;0;0;0;0;0;0;0;1
217;1385;0;0;1;0;0;0;0;2
217;1386;0;0;0;0;0;0;0;2
217;1389;0;0;1;0;0;0;0;3
217;1390;0;0;0;0;0;0;0;3
217;1397;1;0;0;0;0;0;1;3
217;1400;0;0;1;0;0;0;1;4
217;1401;0;0;0;0;0;0;1;4
217;1403;0;1;0;0;0;0;0;4
217;1404;0;0;0;0;0;0;0;4
217;1405;0;0;0;0;0;0;0;4
217;1406;0;0;0;0;0;0;0;4
217;1407;1;0;0;0;0;0;1;4
217;1408;0;0;0;0;0;0;1;4
217;1409;0;0;0;0;0;0;1;4
217;1432;0;0;0;3;0;0;1;1
217;1435;1;0;0;0;0;0;2;1
217;1454;0;2;1;1;0;0;0;1
217;1455;0;0;0;0;0;0;0;1
217;1456;1;0;0;0;0;0;1;1
217;1494;0;0;0;1;0;0;1;0
217;1495;1;0;0;0;0;0;2;0
217;1496;0;0;0;0;0;0;2;0
217;1531;0;2;1;0;0;0;0;1
217;1532;0;0;0;0;0;0;0;1
217;1548;1;0;0;0;0;0;1;1
219;1216;0;0;0;0;0;0;0;0
219;1229;0;0;1;0;0;0;0;1
220;1217;0;0;0;0;0;0;0;0
220;1237;0;0;0;0;0;0;0;0
220;1238;0;0;0;0;0;0;0;0
220;1239;0;0;0;0;0;0;0;0
220;1242;0;0;1;0;0;0;0;1
220;1243;1;0;0;0;0;0;1;1
220;1244;0;1;0;0;0;0;0;1
220;1245;0;0;0;0;0;0;0;1
220;1248;1;0;0;0;0;0;1;1
220;1249;0;0;0;0;0;0;1;1
220;1250;0;0;0;0;0;0;1;1
220;1255;0;0;0;0;0;0;1;1
220;1256;0;0;0;0;0;0;1;1
220;1257;0;0;0;0;0;0;1;1
220;1258;0;0;0;0;0;0;1;1
220;1260;0;0;0;0;0;0;1;1
220;1261;0;0;0;0;0;0;1;1
220;1262;0;0;0;0;0;0;1;2
220;1264;0;0;0;0;0;0;1;2
220;1265;0;0;0;0;0;0;1;2
220;1274;0;1;1;0;0;0;0;2
220;1275;0;0;0;0;0;0;0;2
220;1278;0;0;0;0;0;0;0;2
220;1279;0;0;0;0;0;0;0;2
220;1280;0;0;0;0;0;0;0;2
220;1281;0;0;0;0;0;0;0;2
220;1282;0;0;0;0;0;0;0;2
220;1426;0;0;1;2;0;0;0;1
220;1427;0;0;0;0;0;0;0;1
220;1428;1;0;0;0;0;0;1;1
220;1429;0;0;0;0;0;0;1;1
220;1430;0;0;0;0;0;0;1;1
220;1431;0;0;0;0;0;0;1;1
221;1221;0;0;0;0;0;0;0;0
221;1241;0;0;0;0;0;0;0;0
221;1247;0;0;0;0;0;0;0;0
221;1315;1;0;0;0;1;0;1;0
221;1334;1;1;1;0;0;1;1;1
221;1335;0;1;0;0;0;0;0;1
221;1336;0;0;0;0;0;0;0;1
221;1413;0;0;1;0;0;0;0;2
221;1415;0;0;0;0;0;0;0;2
221;1416;1;0;0;0;0;0;1;2
221;1417;0;0;0;0;0;0;1;2
221;1463;0;1;0;2;0;0;0;0
221;1468;0;0;1;0;0;0;0;1
221;1469;0;0;0;0;0;0;0;1
221;1472;0;0;1;0;0;0;0;2
221;1473;0;0;0;0;0;0;0;2
221;1481;0;0;1;2;0;0;0;1
221;1484;0;0;0;0;0;0;0;1
221;1485;1;0;0;0;0;0;1;1
221;1489;0;1;1;0;0;0;0;2
221;1490;0;0;0;0;0;0;0;2
221;1491;1;0;0;0;0;0;1;2
221;1498;0;1;1;2;0;0;0;1
221;1499;0;0;0;0;0;0;0;1
221;1500;1;0;0;0;0;0;1;1
221;1501;0;0;0;0;0;0;1;1
221;1511;0;0;1;0;0;0;1;2
221;1512;0;0;0;0;0;0;1;2
222;1222;0;0;0;0;0;0;0;0
222;1333;1;0;0;0;0;0;1;0
222;1388;1;0;0;0;0;0;2;0
222;1394;0;1;0;0;0;0;1;0
222;1402;1;1;0;0;0;0;1;0
222;1421;1;1;0;0;0;0;1;0
222;1423;1;1;0;0;0;0;1;0
222;1424;1;0;0;0;0;0;2;0
222;1460;0;2;1;0;0;0;0;1
222;1466;0;0;1;1;0;0;0;1
222;1475;0;0;1;1;0;0;0;1
222;1482;0;0;1;1;0;0;0;1
222;1487;1;0;0;0;0;0;1;1
222;1520;0;0;1;0;0;0;1;2
222;1687;0;0;0;2;0;0;1;0
222;1693;1;1;0;0;0;0;1;0
222;1694;1;0;0;0;0;0;2;0
222;1700;1;0;0;0;0;0;3;0
223;1224;0;0;0;0;0;0;0;0
223;1266;1;0;0;0;0;0;1;0
223;1269;0;0;0;0;0;0;1;0
223;1271;0;0;0;0;0;0;1;0
223;1284;1;0;0;0;0;0;2;0
223;1304;1;2;0;0;2;0;1;0
223;1309;0;1;0;0;0;2;0;0
223;1311;1;0;0;0;2;0;1;0
223;1326;0;0;0;0;0;0;1;0
223;1419;0;0;1;0;0;2;1;1
223;1470;0;1;1;1;0;0;0;1
223;1474;0;0;1;0;0;0;0;2
223;1486;1;0;0;2;0;0;1;0
223;1510;0;0;0;0;2;0;1;0
224;1223;0;0;0;0;0;0;0;0
225;1225;0;0;0;0;0;0;0;0
225;1288;0;0;1;0;0;0;0;1
225;1291;1;0;0;0;1;0;1;1
225;1294;0;0;0;0;0;1;1;1
226;1226;0;0;0;0;0;0;0;0
226;1322;1;0;0;0;0;0;1;0
226;1356;0;1;1;0;0;0;0;1
226;1359;1;0;0;0;0;0;1;1
226;1366;1;0;0;0;0;0;2;1
226;1370;0;0;0;0;0;0;2;1
226;1529;0;0;1;0;0;0;2;3
226;1530;0;0;1;0;0;0;2;4
226;1549;0;2;0;2;0;0;0;1
226;1550;0;0;1;0;0;0;0;2
226;1593;1;0;0;0;0;0;1;2
227;1227;0;0;0;0;0;0;0;0
227;1285;1;0;0;0;0;0;1;0
227;1295;0;0;0;0;0;0;1;0
227;1297;0;0;0;0;0;0;1;0
227;1298;0;0;0;0;0;0;1;0
227;1299;0;0;0;0;0;0;1;0
227;1301;0;0;0;0;0;0;1;0
227;1302;0;0;0;0;0;0;1;0
227;1312;0;0;0;0;0;0;1;0
227;1321;0;0;0;0;0;0;2;0
227;1323;1;0;0;0;0;0;3;0
227;1346;0;0;0;0;0;0;3;0
228;1228;0;0;0;0;0;0;0;0
228;1316;1;0;0;0;0;0;1;0
228;1317;1;0;0;0;0;0;2;0
228;1318;1;1;0;0;0;0;2;0
229;1230;0;0;0;0;0;0;0;0
230;1231;0;0;0;0;0;0;0;0
230;1240;0;0;0;0;0;0;0;0
230;1267;1;0;0;0;0;0;1;0
230;1272;0;0;0;0;0;0;1;0
230;1283;1;0;0;0;0;0;2;0
231;1232;0;0;0;0;0;0;0;0
231;1352;0;0;1;0;0;0;0;1
231;1393;1;0;0;1;0;0;1;0
231;1412;0;1;1;0;0;0;0;1
231;1422;1;0;0;0;0;0;1;1
231;1465;1;1;0;1;0;0;1;0
231;1483;1;1;0;0;0;0;1;0
232;1233;0;0;0;0;0;0;0;0
232;1253;0;0;1;0;0;0;0;1
232;1314;1;0;0;1;1;0;1;0
232;1320;0;0;0;0;0;0;1;0
232;1365;0;0;0;0;1;1;1;0
232;1420;0;0;0;0;0;1;1;0
232;1425;1;1;0;0;0;0;1;0
232;1447;1;1;0;0;1;0;1;0
232;1462;1;0;0;0;0;1;2;0
232;1497;0;1;0;0;0;0;1;0
232;1508;0;0;0;0;1;0;1;0
232;1516;1;0;0;0;0;1;2;0
232;1521;0;0;0;0;0;0;2;0
232;1525;0;0;0;0;0;0;2;0
232;1528;1;0;0;0;0;0;3;0
233;1234;0;0;0;0;0;0;0;0
233;1277;1;0;0;0;0;0;1;0
233;1342;0;1;1;0;0;0;0;1
233;1345;0;0;0;0;0;0;0;1
233;1383;0;0;1;1;0;0;0;1
233;1418;1;0;0;1;1;0;1;0
233;1434;0;0;0;0;2;1;1;0
233;1437;1;0;0;0;0;1;2;0
233;1479;0;1;0;0;0;1;1;0
233;1513;0;0;0;0;0;0;1;0
233;1519;0;1;1;0;0;0;0;1
233;1522;1;0;0;0;2;0;1;1
233;1533;0;0;1;0;0;2;1;2
233;1555;1;0;0;0;2;0;2;2
234;1236;0;0;0;0;0;0;0;0
235;1254;0;0;0;0;0;0;0;0
235;1347;0;0;0;0;0;0;0;0
235;1348;1;0;0;0;1;0;1;0
235;1351;0;0;0;0;0;1;1;0
235;1367;1;1;0;0;0;0;1;0
235;1369;1;1;0;0;0;0;1;0
235;1373;0;0;0;0;0;0;2;0
235;1387;1;1;0;0;0;0;1;0
235;1446;1;0;0;0;0;0;2;0
235;1458;1;0;0;0;0;0;3;0
235;1480;0;0;0;0;0;0;3;0
235;1538;0;2;0;0;0;0;1;0
235;1551;1;1;0;0;0;0;1;0
236;1296;0;0;0;0;0;0;0;0
236;1308;1;0;0;0;0;0;1;0
236;1332;1;1;0;0;0;0;1;0
236;1340;0;0;0;0;0;0;1;0
236;1363;0;0;0;0;0;0;1;0
236;1375;0;0;0;0;0;0;1;0
236;1376;0;1;0;0;0;0;0;0
236;1377;1;0;0;0;0;0;1;0
236;1384;0;0;0;0;0;0;1;0
236;1391;1;0;0;0;1;0;2;0
236;1398;0;0;1;0;0;1;2;1
236;1399;0;0;0;0;0;0;2;2
236;1410;0;0;0;0;0;0;2;2
236;1433;0;0;0;0;0;0;2;1
236;1438;0;0;0;0;0;0;2;2
236;1443;0;0;1;0;0;0;2;3
236;1444;0;0;0;0;0;0;2;3
236;1453;0;0;0;0;0;0;2;4
236;1476;0;0;0;0;0;0;2;5
236;1488;1;0;0;0;1;0;3;5
237;1300;0;0;0;0;0;0;0;0
237;1327;0;0;0;0;0;0;0;0
237;1353;0;0;1;0;0;0;0;1
237;1378;0;0;1;0;0;0;0;2
237;1452;0;0;1;2;0;0;0;1
237;1517;0;0;1;1;0;0;0;1
237;1518;1;0;0;0;0;0;1;1
238;1328;0;0;0;0;0;0;0;0
239;1354;0;0;0;0;0;0;0;0
239;1362;1;0;0;0;1;0;1;0
240;1357;0;0;0;0;0;0;0;0
240;1360;1;0;0;0;0;0;1;0
240;1361;1;0;0;0;0;0;2;0
241;1368;0;0;0;0;0;0;0;0
241;1372;1;0;0;0;0;0;1;0
241;1414;0;0;1;0;0;0;1;1
241;1445;0;0;0;1;0;0;1;0
241;1619;0;1;0;0;0;0;0;0
242;1379;0;0;0;0;0;0;0;0
242;1392;1;0;0;0;0;0;1;0
242;1396;1;0;0;0;0;0;2;0
243;1382;0;0;0;0;0;0;0;0
243;1395;1;0;0;0;0;0;1;0
244;1448;0;0;0;0;0;0;0;0
244;1449;1;0;0;0;0;0;1;0
244;1464;1;0;0;0;0;0;2;0
244;1492;1;0;0;0;0;0;3;0
244;1506;1;0;0;0;0;0;4;0
245;1457;0;0;0;0;0;0;0;0
245;1461;1;0;0;0;0;0;1;0
245;1509;1;1;0;0;0;0;1;0
245;1527;0;0;1;0;0;0;1;1
245;1545;0;0;1;0;0;0;1;2
246;1459;0;0;0;0;0;0;0;0
246;1493;1;0;0;0;0;0;1;0
246;1505;1;1;0;0;0;0;1;0
246;1507;0;0;0;0;0;0;1;0
246;1514;0;1;1;0;0;0;0;1
246;1515;1;0;0;0;0;0;1;1
246;1537;0;1;1;1;0;0;0;1
246;1539;1;0;0;0;1;0;1;1
246;1552;0;1;1;0;0;1;0;2
246;1553;1;0;0;0;0;0;1;2
246;1554;1;0;0;0;0;0;2;2
246;1600;0;2;0;2;0;0;0;0
246;1602;0;0;0;0;0;0;0;0
246;1611;0;0;0;0;0;0;0;0
246;1613;0;0;0;0;0;0;0;0
246;1618;1;0;0;0;0;0;1;0
246;1627;1;1;0;0;0;0;1;0
246;1641;0;1;0;0;0;0;0;0
246;1662;0;0;1;0;0;0;0;1
246;1663;0;0;0;0;0;0;0;1
246;1665;1;0;0;0;0;0;1;1
246;1674;1;1;0;1;0;0;1;0
246;1675;0;0;0;0;0;0;1;0
246;1676;0;0;0;0;0;0;1;0
246;1677;0;0;0;0;0;0;1;0
246;1678;0;0;0;0;0;0;1;0
246;1719;1;1;0;0;0;0;1;0
247;1523;0;0;0;0;0;0;0;0
247;1524;1;0;0;0;0;0;1;0
247;1535;0;0;0;0;0;0;1;0
247;1536;0;0;0;0;0;0;1;0
247;1542;0;0;0;0;0;0;1;0
247;1544;0;0;0;0;0;0;1;0
247;1546;0;0;0;0;0;0;1;0
247;1547;0;0;0;0;0;0;1;0
248;1540;0;0;0;0;0;0;0;0
249;1557;0;0;0;0;0;0;0;0
249;1558;1;0;0;0;0;0;1;0
249;1569;0;1;0;0;0;0;0;0
249;1570;0;0;0;0;0;0;0;0
249;1571;0;0;0;0;0;0;0;0
249;1575;1;0;0;0;0;0;1;0
250;1556;0;0;0;0;0;0;0;0
250;1559;1;0;0;0;0;0;1;0
250;1560;1;0;0;0;0;0;2;0
250;1561;0;1;0;0;0;0;1;0
250;1562;1;0;0;0;0;0;2;0
250;1563;1;0;0;0;0;0;3;0
250;1566;0;0;0;0;0;0;3;0
250;1572;0;1;0;0;0;0;2;0
250;1573;1;0;0;0;0;0;3;0
251;1564;0;0;0;0;0;0;0;0
251;1565;1;0;0;0;0;0;1;0
251;1567;0;1;1;0;0;0;0;1
251;1568;1;0;0;0;0;0;1;1
251;1576;0;1;1;1;0;0;0;1
252;1577;0;0;0;0;0;0;0;0
252;1578;1;0;0;0;2;0;1;0
252;1579;0;0;1;0;0;2;1;1
252;1628;1;0;0;1;2;0;2;0
253;1580;0;0;0;0;0;0;0;0
253;1582;1;0;0;0;0;0;1;0
253;1583;1;0;0;0;0;0;2;0
253;1601;0;2;1;0;0;0;0;1
253;1603;0;0;0;0;0;0;0;1
253;1605;1;0;0;0;0;0;1;1
253;1614;0;1;1;0;0;0;0;2
253;1617;1;0;0;0;0;0;1;2
253;1629;0;1;0;1;0;0;0;1
253;1630;0;0;0;0;0;0;0;1
253;1631;1;0;0;0;0;0;1;1
253;1634;1;1;0;1;0;0;1;0
254;1581;0;0;0;0;0;0;0;0
254;1596;0;0;1;0;0;0;0;1
254;1597;1;0;0;0;0;0;1;1
254;1606;0;1;1;1;0;0;0;1
254;1608;1;0;0;1;0;0;1;0
254;1615;0;0;1;0;0;0;1;1
256;1585;0;0;0;0;0;0;0;0
256;1587;1;0;0;0;0;0;1;0
256;1598;1;1;0;0;0;0;1;0
256;1607;0;0;1;0;0;0;1;1
256;1623;0;1;1;1;0;0;0;1
256;1625;1;0;0;0;0;0;1;1
256;1633;0;0;0;0;2;0;1;1
257;1586;0;0;0;0;0;0;0;0
257;1595;1;0;0;0;0;0;1;0
257;1604;1;1;0;0;0;0;1;0
257;1610;1;1;0;0;0;0;1;0
258;1588;0;0;0;0;0;0;0;0
258;1620;1;0;0;0;0;0;1;0
258;1622;1;0;0;0;0;0;2;0
258;1637;0;0;1;0;0;0;2;1
258;1658;0;0;0;0;0;0;2;1
259;1609;0;0;0;0;0;0;0;0
259;1621;0;0;1;0;0;0;0;1
259;1636;0;0;1;1;0;0;0;1
259;1639;1;0;0;0;2;0;1;1
259;1650;0;0;0;0;0;0;1;1
260;1624;0;0;0;0;0;0;0;0
260;1626;1;0;0;0;0;0;1;0
260;1632;0;1;1;0;0;0;0;1
260;1635;1;0;0;0;0;0;1;1
261;1638;0;0;0;0;0;0;0;0
261;1645;0;0;1;0;0;0;0;1
261;1654;0;0;1;0;0;0;0;2
261;1660;0;0;1;1;0;0;0;2
263;1656;0;0;0;0;0;0;0;0
263;1657;1;0;0;0;0;0;1;0
264;1659;0;0;0;0;0;0;0;0
264;1661;0;0;1;0;0;0;0;1
265;1664;0;0;0;0;0;0;0;0
265;1668;1;0;0;0;0;0;1;0
265;1671;1;0;0;0;0;0;2;0
265;1727;1;0;0;0;0;0;3;0
265;1729;0;2;0;0;1;0;1;0
265;1730;1;0;0;0;0;0;2;0
265;1731;0;1;0;0;0;1;1;0
265;1734;1;0;0;0;0;0;2;0
267;1667;0;0;0;0;0;0;0;0
267;1669;0;0;1;0;0;0;0;1
267;1673;0;0;1;1;0;0;0;1
267;1680;1;0;0;0;2;0;1;1
268;1679;0;0;0;0;0;0;0;0
268;1682;1;0;0;0;0;0;1;0
268;1721;0;1;1;0;0;0;0;1
268;1723;1;0;0;0;0;0;1;1
269;1681;0;0;0;0;0;0;0;0
269;1683;1;0;0;0;0;0;1;0
269;1703;1;1;0;0;0;0;1;0
269;1715;1;1;0;0;0;0;1;0
269;1716;0;1;1;0;0;0;0;1
269;1717;1;0;0;0;2;0;1;1
269;1726;1;0;0;0;0;0;2;1
270;1684;0;0;0;0;0;0;0;0
270;1698;1;0;0;0;0;0;1;0
270;1705;1;1;0;0;0;0;1;0
270;1725;1;1;0;0;0;0;1;0
271;1685;0;0;0;0;0;0;0;0
271;1695;1;0;0;0;0;0;1;0
271;1699;0;0;0;0;0;0;1;0
272;1688;0;0;0;0;0;0;0;0
272;1704;1;0;0;0;0;0;1;0
272;1743;1;0;0;0;0;0;2;0
272;1753;0;1;0;0;0;0;1;0
272;1754;0;1;0;0;0;0;0;0
272;1755;1;0;0;0;0;0;1;0
273;1690;0;0;0;0;0;0;0;0
273;1701;0;0;1;0;0;0;0;1
273;1702;1;0;0;0;0;0;1;1
273;1748;0;0;0;0;1;0;1;1
274;1689;0;0;0;0;0;0;0;0
274;1697;1;0;0;0;0;0;1;0
274;1706;0;1;1;0;0;0;0;1
274;1720;1;0;0;1;0;0;1;0
274;1722;1;0;0;0;0;0;2;0
275;1692;0;0;0;0;0;0;0;0
275;1710;1;0;0;0;0;0;1;0
275;1713;1;0;0;0;0;0;2;0
276;1707;0;0;0;0;0;0;0;0
276;1732;0;0;1;0;0;0;0;1
276;1733;1;0;0;0;2;0;1;1
276;1736;0;1;0;0;0;2;0;1
276;1737;1;0;0;0;2;0;1;1
276;1757;0;1;0;0;0;2;0;1
276;1758;1;0;0;0;3;0;1;1
277;1708;0;0;0;0;0;0;0;0
277;1950;0;0;0;0;0;0;0;0
278;1709;0;0;0;0;0;0;0;0
278;1739;0;0;1;0;0;0;0;1
278;1742;1;0;0;0;2;0;1;1
279;1711;0;0;0;0;0;0;0;0
279;1714;1;0;0;0;0;0;1;0
279;1724;0;0;1;0;0;0;1;1
279;1741;0;0;0;0;0;0;1;1
280;1712;0;0;0;0;0;0;0;0
280;1718;0;0;1;0;0;0;0;1
280;1728;0;0;1;1;0;0;0;1
281;1735;0;0;0;0;0;0;0;0
281;1738;0;0;0;0;0;0;0;0
281;1740;1;0;0;0;0;0;1;0
281;1745;1;0;0;0;1;0;2;0
282;1746;0;0;0;0;0;0;0;0
282;1747;1;0;0;0;0;0;1;0
282;1749;1;0;0;0;0;0;2;0
282;1750;0;1;0;0;0;0;1;0
282;1751;1;0;0;0;0;0;2;0
282;1752;1;0;0;0;0;0;3;0
283;1756;0;0;0;0;0;0;0;0
283;1759;0;0;0;0;0;0;0;0
283;1760;0;0;0;0;0;0;0;0
283;1761;1;0;0;0;0;0;1;0
284;1762;0;0;0;0;0;0;0;0
284;1765;1;0;0;0;0;0;1;0
284;1784;1;0;0;0;0;0;2;0
285;1763;0;0;0;0;0;0;0;0
285;1766;1;0;0;0;0;0;1;0
285;1767;1;1;0;0;0;0;1;0
286;1764;0;0;0;0;0;0;0;0
286;1772;1;0;0;0;0;0;1;0
286;1773;1;0;0;0;0;0;2;0
286;1776;1;0;0;0;0;0;3;0
287;1768;0;0;0;0;0;0;0;0
287;1770;1;0;0;0;1;0;1;0
287;1775;0;0;0;0;2;1;1;0
287;1780;0;0;0;0;1;0;1;0
287;1783;0;0;0;0;0;0;1;0
288;1769;0;0;0;0;0;0;0;0
288;1778;1;0;0;0;0;0;1;0
288;1839;0;1;0;0;0;0;0;0
288;1842;0;0;0;0;0;0;0;0
288;1845;1;0;0;0;0;0;1;0
288;1847;1;1;0;0;0;0;1;0
288;1896;0;1;1;0;0;0;0;1
288;1897;0;0;1;0;0;0;0;2
288;1898;0;0;1;0;0;0;0;3
288;1901;0;0;1;0;0;0;0;4
288;1905;0;0;0;4;0;0;0;0
288;1919;0;0;1;0;0;0;0;1
288;1922;1;0;0;0;0;0;1;1
288;1926;1;1;0;0;0;0;1;1
288;1927;1;0;0;0;0;0;2;1
288;1931;1;2;0;1;0;0;1;0
288;1932;0;0;0;0;0;0;1;0
288;1933;0;0;0;0;0;0;1;0
288;1939;1;1;0;0;0;0;1;0
288;1946;0;0;0;0;0;0;1;0
288;1948;0;0;1;0;0;0;1;1
288;1953;0;0;0;0;0;0;1;1
288;1954;0;0;0;0;0;0;1;1
289;1771;0;0;0;0;0;0;0;0
289;1774;1;0;0;0;0;0;1;0
289;1777;0;1;1;0;0;0;0;1
289;1779;1;0;0;0;0;0;1;1
289;1782;1;0;0;0;0;0;2;1
290;1781;0;0;0;0;0;0;0;0
290;1799;1;0;0;0;0;0;1;0
290;1803;1;1;0;0;0;0;1;0
290;1814;1;0;0;0;0;0;2;0
290;1831;0;1;1;0;0;0;1;1
290;1832;1;0;0;0;0;0;2;1
290;1849;0;2;0;1;0;0;0;0
290;1852;1;0;0;0;0;0;1;0
290;1853;0;0;0;0;0;0;1;0
290;1854;0;0;0;0;0;0;1;0
290;1855;1;0;0;0;0;0;2;0
290;1856;1;1;0;0;0;0;2;0
290;1858;0;0;0;0;0;0;2;0
290;1859;0;0;0;0;0;0;2;0
290;1889;0;2;1;0;0;0;0;1
290;1890;0;0;0;0;0;0;0;1
290;1914;0;0;0;0;0;0;0;1
290;1915;0;0;0;0;0;0;0;1
290;1916;0;0;0;0;0;0;0;1
290;1917;1;0;0;0;0;0;1;1
290;1918;0;0;0;0;0;0;1;1
291;1785;0;0;0;0;0;0;0;0
291;1788;1;0;0;0;3;0;1;0
291;1793;1;0;0;0;0;0;2;0
291;1798;0;0;1;0;0;3;2;1
292;1786;0;0;0;0;0;0;0;0
292;1787;0;0;0;0;0;0;0;0
292;1789;1;0;0;0;3;0;1;0
292;1792;0;0;0;0;0;3;1;0
292;1794;1;0;0;0;3;0;2;0
292;1797;0;0;1;0;0;3;2;1
293;1790;0;0;0;0;0;0;0;0
293;1821;0;0;1;0;0;0;0;1
293;1836;0;0;1;1;0;0;0;1
293;1837;1;0;0;0;0;0;1;1
293;1863;0;1;1;0;0;0;0;2
293;1866;0;0;1;1;0;0;0;2
293;1874;0;0;1;1;0;0;0;2
293;1876;1;0;0;0;0;0;1;2
293;1882;1;1;0;1;0;0;1;1
293;1892;0;1;1;1;0;0;0;1
293;1893;0;0;0;0;0;0;0;1
293;1894;0;0;0;0;0;0;0;2
293;1895;0;0;0;0;0;0;0;2
293;1904;1;0;0;1;0;0;1;0
293;1908;0;0;1;0;0;0;1;1
293;1909;0;0;0;0;0;0;1;1
293;1911;1;1;0;1;0;0;1;0
293;1912;0;0;0;0;0;0;1;0
293;1913;0;0;0;0;0;0;1;0
293;1920;0;0;0;0;0;0;1;0
293;1937;0;1;1;0;0;0;0;1
293;1938;0;0;0;0;0;0;0;1
294;1791;0;0;0;0;0;0;0;0
294;1795;1;0;0;0;1;0;1;0
295;1796;0;0;0;0;0;0;0;0
295;1809;0;0;1;0;0;0;0;1
295;1828;1;0;0;1;0;0;1;0
295;1838;1;0;0;0;0;0;2;0
295;1844;1;2;0;0;0;0;1;0
295;1875;1;1;0;0;0;0;1;0
295;1924;0;1;1;0;0;0;0;1
296;1800;0;0;0;0;0;0;0;0
296;1801;1;0;0;0;0;0;1;0
296;1804;1;1;0;0;0;0;1;0
296;1807;1;0;0;0;0;0;2;0
297;1802;0;0;0;0;0;0;0;0
297;1813;0;0;1;0;0;0;0;1
297;1825;0;0;1;1;0;0;0;1
297;1835;0;0;1;1;0;0;0;1
297;1841;1;0;0;1;0;0;1;0
297;1848;0;0;0;0;0;0;1;0
297;1857;0;0;1;0;0;0;1;1
297;1862;1;0;0;0;1;0;2;1
297;1877;0;2;1;1;0;1;0;1
297;1887;0;0;0;1;0;0;0;0
297;1888;0;0;0;0;0;0;0;0
298;1805;0;0;0;0;0;0;0;0
298;1806;1;0;0;0;0;0;1;0
298;1808;1;1;0;0;3;0;1;0
298;1810;0;1;1;0;0;3;0;1
298;1811;0;0;0;0;0;0;0;1
298;1812;1;0;0;0;0;0;1;1
300;1815;0;0;0;0;0;0;0;0
300;1816;0;0;1;0;0;0;0;1
300;1817;1;0;0;0;2;0;1;1
300;1829;0;1;0;1;0;2;0;0
300;1830;1;0;0;0;1;0;1;0
300;1833;0;0;0;0;0;1;1;0
300;1834;1;0;0;0;1;0;2;0
300;1850;0;2;0;0;0;1;0;0
300;1851;0;0;0;0;0;0;0;0
301;1818;0;0;0;0;0;0;0;0
301;1840;0;0;1;0;0;0;0;1
302;1819;0;0;0;0;0;0;0;0
302;1902;1;0;0;0;0;0;1;0
302;1903;1;0;0;0;0;0;2;0
302;1906;0;0;1;0;0;0;2;1
302;1910;0;0;1;1;0;0;2;1
302;1921;0;0;1;1;0;0;2;1
302;1928;0;2;1;1;0;0;0;1
302;1929;0;0;0;0;0;0;0;1
302;1935;0;0;1;1;0;0;0;1
302;1936;0;0;0;0;0;0;0;1
303;1820;0;0;0;0;0;0;0;0
303;1822;0;0;0;0;0;0;0;0
303;1824;0;0;0;0;0;0;0;0
303;1826;0;0;0;0;0;0;0;0
303;1827;0;0;0;0;0;0;0;0
304;1823;0;0;0;0;0;0;0;0
304;1871;1;0;0;0;0;0;1;0
304;1880;1;0;0;0;0;0;2;0
304;1925;1;1;0;0;0;0;2;0
304;1942;1;0;0;0;0;0;3;0
304;1945;1;1;0;0;0;0;3;0
305;1843;0;0;0;0;0;0;0;0
305;1878;1;0;0;0;0;0;1;0
305;1891;1;1;0;0;0;0;1;0
305;1899;0;0;0;0;0;0;1;0
305;1900;0;0;0;0;0;0;1;0
305;1907;0;0;1;0;0;0;1;1
305;1923;0;0;0;1;0;0;1;0
305;1930;0;0;0;0;0;0;1;0
305;1943;0;0;0;0;0;0;1;0
305;1944;1;0;0;0;0;0;2;0
306;1846;0;0;0;0;0;0;0;0
307;1860;0;0;0;0;0;0;0;0
307;1861;1;0;0;0;0;0;1;0
307;1869;1;1;0;0;3;0;1;0
308;1868;0;0;0;0;0;0;0;0
308;1870;1;0;0;0;0;0;1;0
309;1872;0;0;0;0;0;0;0;0
309;1873;1;0;0;0;0;0;1;0
309;1883;1;1;0;0;0;0;1;0
309;1884;0;0;0;0;0;0;1;0
309;1885;0;0;0;0;0;0;1;0
309;1886;1;0;0;0;0;0;2;0
310;1934;0;0;0;0;0;0;0;0
310;1940;0;0;1;0;0;0;0;1
310;1941;1;0;0;0;2;0;1;1
311;1947;0;0;0;0;0;0;0;0
311;1949;1;0;0;0;0;0;1;0
311;1951;1;1;0;0;0;0;1;0
311;1952;1;0;0;0;0;0;2;0
312;1955;0;0;0;0;0;0;0;0
312;1956;1;0;0;0;2;0;1;0
312;1957;1;0;0;0;0;0;2;0
312;1958;0;2;1;0;0;2;0;1
312;1959;0;0;1;0;0;0;0;2
312;1960;0;0;0;1;0;0;0;1
312;1961;0;0;0;0;0;0;0;1
312;1962;1;0;0;1;0;0;1;0
312;1963;1;0;0;0;0;0;2;0
312;1964;0;0;0;0;0;0;2;0
312;1965;1;2;0;0;0;0;1;0
312;1966;0;0;0;0;0;0;1;0
312;1967;0;1;1;0;0;0;0;1
312;1968;0;0;0;0;0;0;0;1
312;1969;0;0;1;1;0;0;0;1
312;1970;0;0;0;0;0;0;0;1
312;1971;0;0;1;1;0;0;0;1
312;1972;0;0;0;0;0;0;0;1
312;1973;0;0;1;1;0;0;0;1
312;1974;0;0;0;0;0;0;0;1
312;1975;0;0;0;0;0;0;0;1
312;1976;1;0;0;0;0;0;1;1
312;1977;1;0;0;0;0;0;2;1
312;1978;0;0;0;0;0;0;2;1
312;1979;1;2;0;1;0;0;1;0
312;1980;1;1;0;0;0;0;1;0
312;1981;1;1;0;0;0;0;1;0
312;1982;1;1;0;0;0;0;1;0
312;1983;0;1;1;0;0;0;0;1
312;1984;0;0;1;1;0;0;0;1
312;1985;0;0;0;0;0;0;0;1
312;1986;1;0;0;0;0;0;1;1
312;1987;0;0;0;0;0;0;1;1
313;1988;0;0;0;0;0;0;0;0
313;1989;1;0;0;0;3;0;1;0
313;1990;1;1;0;0;0;2;1;0
313;1991;0;1;1;0;0;1;0;1
313;1992;1;0;0;0;3;0;1;1
313;1993;0;1;1;1;0;3;0;1
313;1994;0;0;1;1;0;0;0;1
313;1995;0;0;1;1;0;0;0;1
313;1996;0;0;1;1;0;0;0;1
313;1997;0;0;0;0;0;0;0;1
313;1998;0;0;1;1;0;0;0;1
313;1999;0;0;0;0;0;0;0;1
313;2000;0;0;1;1;0;0;0;1
313;2001;0;0;0;0;0;0;0;1
314;2002;0;0;0;0;0;0;0;0
314;2003;0;0;1;0;0;0;0;1
314;2004;1;0;0;0;0;0;1;1
314;2005;1;1;0;1;0;0;1;0
314;2006;0;0;1;0;0;0;1;1
314;2007;0;1;0;0;0;0;0;1
314;2008;1;0;0;0;3;0;1;1
315;2009;0;0;0;0;0;0;0;0
315;2010;1;0;0;0;0;0;1;0
315;2011;1;0;0;0;0;0;2;0
315;2012;0;1;0;0;0;0;1;0
315;2013;1;0;0;0;0;0;2;0
315;2014;1;0;0;0;0;0;3;0
315;2015;1;0;0;0;0;0;4;0
315;2016;1;1;0;0;0;0;4;0
315;2017;0;3;0;0;0;0;1;0
315;2018;1;0;0;0;0;0;2;0
315;2019;1;0;0;0;0;0;3;0
315;2020;1;3;0;0;0;0;1;0
315;2021;1;0;0;0;0;0;2;0
315;2022;0;2;1;0;0;0;0;1
315;2023;1;0;0;0;0;0;1;1
315;2024;0;1;1;0;0;0;0;2
315;2025;0;0;0;1;0;0;0;1
315;2026;0;0;0;0;0;0;0;1
315;2027;1;0;0;0;0;0;1;1
315;2028;1;0;0;0;0;0;2;1
316;2029;0;0;0;0;0;0;0;0
316;2030;1;0;0;0;0;0;1;0
316;2031;1;1;0;0;0;0;1;0
316;2032;1;0;0;0;0;0;2;0
317;2033;0;0;0;0;0;0;0;0
317;2043;0;0;1;0;0;0;0;1
317;2051;1;0;0;1;1;0;1;0
317;2053;1;0;0;0;0;0;2;0
317;2058;1;2;0;0;0;1;1;0
317;2059;1;0;0;0;0;0;2;0
317;2091;1;2;0;0;1;0;1;0
317;2097;1;1;0;0;0;1;1;0
317;2101;1;0;0;0;0;0;2;0
317;2122;1;0;0;0;0;0;3;0
317;2125;0;3;1;0;0;0;0;1
317;2127;1;0;0;0;0;0;1;1
317;2145;0;1;1;1;0;0;0;1
317;2149;1;0;0;0;3;0;1;1
317;2159;0;0;0;0;0;3;1;1
317;2161;1;1;0;1;0;0;1;0
317;2165;0;1;1;0;0;0;0;1
317;2171;1;0;0;0;0;0;1;1
317;2178;1;0;0;0;0;0;2;1
317;2189;0;2;1;0;0;0;0;2
317;2194;0;0;0;0;0;0;0;2
317;2195;0;0;1;1;0;0;0;2
317;2204;0;0;1;1;0;0;0;2
319;2034;0;0;0;0;0;0;0;0
320;2035;0;0;0;0;0;0;0;0
321;2036;0;0;0;0;0;0;0;0
327;2039;0;0;0;0;0;0;0;0
327;2042;0;0;1;0;0;0;0;1
329;2040;0;0;0;0;0;0;0;0
329;2546;0;0;0;0;0;0;0;0
329;2548;1;0;0;0;0;0;1;0
331;2037;0;0;0;0;0;0;0;0
331;2242;0;0;0;0;0;0;0;0
331;2249;1;0;0;0;0;0;1;0
331;2251;1;0;0;0;0;0;2;0
331;2266;1;0;0;0;0;0;3;0
331;2325;1;3;0;0;0;0;1;0
331;2407;1;1;0;0;0;0;1;0
331;2535;1;1;0;0;0;0;1;0
331;2579;0;1;0;0;0;0;0;0
331;2587;1;0;0;0;0;0;1;0
331;2614;0;0;0;0;0;0;1;0
331;2616;0;1;0;0;0;0;0;0
331;2617;0;0;0;0;0;0;0;0
331;2726;0;0;0;0;0;0;0;0
333;2041;0;0;0;0;0;0;0;0
333;2096;0;0;1;0;0;0;0;2
333;2124;0;0;1;1;0;0;0;1
333;2133;1;0;0;0;0;0;1;1
333;2220;0;0;0;0;0;0;1;1
336;2049;0;0;0;0;0;0;0;0
338;2046;0;0;0;0;0;0;0;0
338;2074;1;0;0;0;0;0;1;0
338;2075;1;0;0;0;0;0;2;0
338;2078;0;1;0;0;0;0;1;0
338;2079;1;0;0;0;0;0;2;0
338;2081;0;1;0;0;0;0;1;0
338;2082;0;0;0;0;0;0;1;0
338;2083;1;0;0;0;0;0;2;0
338;2094;1;2;0;0;0;0;1;0
338;2102;2;1;0;0;0;0;2;0
338;2103;0;1;0;0;0;0;1;0
338;2118;1;0;0;0;0;0;2;0
338;2163;1;2;0;0;0;0;1;0
338;2174;0;1;1;0;0;0;0;1
338;2176;0;0;0;0;0;0;0;1
338;2179;0;0;0;0;0;0;0;1
338;2180;1;0;0;0;0;0;1;1
338;2181;0;0;0;0;0;0;1;1
338;2192;0;1;1;0;0;0;0;2
338;2193;0;0;0;0;0;0;0;2
338;2198;0;0;0;0;0;0;0;2
338;2199;0;0;0;0;0;0;0;2
338;2207;0;0;0;1;0;0;0;1
338;2208;0;0;0;0;0;0;0;1
338;2209;0;0;0;0;0;0;0;1
338;2210;0;0;0;0;0;0;0;1
338;2211;0;0;0;0;0;0;0;1
338;2212;0;0;0;0;0;0;0;1
338;2213;0;0;0;0;0;0;0;1
339;2066;0;0;0;0;0;0;0;0
339;2068;0;0;1;0;0;0;0;1
340;2056;0;0;0;0;0;0;0;0
340;2070;1;0;0;0;0;0;1;0
340;2071;1;0;0;0;0;0;2;0
340;2087;0;0;0;0;0;0;2;0
340;2088;0;0;0;0;0;0;2;0
340;2089;0;0;0;0;0;0;2;0
340;2112;0;1;0;0;0;0;1;0
340;2113;1;0;0;0;0;0;2;0
340;2120;1;0;0;0;0;0;3;0
340;2151;1;3;1;0;0;0;1;1
341;2052;0;0;0;0;0;0;0;0
341;2205;0;0;1;0;0;0;0;1
341;2206;0;0;1;0;0;0;0;2
341;2230;0;0;0;1;0;0;0;1
342;2055;0;0;0;0;0;0;0;0
342;2084;1;0;0;0;0;0;1;0
342;2086;1;0;0;0;0;0;2;0
342;2093;1;2;0;0;1;0;1;0
342;2106;0;1;0;0;0;1;0;0
342;2107;0;0;0;0;0;0;0;0
342;2108;0;0;0;0;0;0;0;0
342;2109;0;0;0;0;0;0;0;0
342;2110;1;0;0;0;0;0;1;0
342;2111;1;0;0;0;0;0;2;0
343;2067;0;0;0;0;0;0;0;0
344;2064;0;0;0;0;0;0;0;0
345;2085;1;0;0;0;0;0;1;0
346;2073;0;0;0;0;0;0;0;0
346;2077;1;0;0;0;0;0;1;0
346;2080;1;0;0;0;0;0;2;0
346;2104;1;2;0;0;0;0;1;0
346;2105;1;0;0;0;0;0;2;0
347;2072;0;0;0;0;0;0;0;0
347;2115;1;0;0;0;0;0;1;0
347;2116;1;0;0;0;0;0;2;0
347;2147;0;2;0;0;0;0;0;0
347;2148;0;0;0;0;0;0;0;0
347;2164;0;0;0;0;0;0;0;0
348;2076;0;0;0;0;0;0;0;0
349;2099;0;0;0;0;0;0;0;0
350;2119;0;0;0;0;0;0;0;0
351;2126;0;0;0;0;0;0;0;0
352;2158;0;0;0;0;0;0;0;0
353;2216;0;0;0;0;0;0;0;0
354;2217;0;0;0;0;0;0;0;0
354;2225;0;0;0;0;0;0;0;0
354;2313;0;0;0;0;0;0;0;0
354;2315;1;0;0;0;0;0;1;0
354;2320;1;0;0;0;0;0;2;0
354;2323;0;1;0;0;0;0;1;0
354;2326;0;0;0;0;0;0;1;0
354;2327;0;0;0;0;0;0;1;0
354;2344;0;0;0;0;0;0;1;0
354;2345;0;0;0;0;0;0;1;0
354;2346;0;0;0;0;0;0;1;0
354;2348;1;0;0;0;0;0;2;0
354;2491;1;1;0;0;1;0;2;0
354;2494;1;2;0;0;0;1;1;0
354;2497;0;0;0;0;0;0;1;0
354;2498;0;0;0;0;0;0;1;0
354;2500;0;0;0;0;0;0;1;0
355;2218;0;0;0;0;0;0;0;0
356;2219;0;0;0;0;0;0;0;0
357;2221;0;0;0;0;0;0;0;0
357;2222;1;0;0;0;0;0;1;0
357;2223;1;0;0;0;0;0;2;0
358;2224;0;0;0;0;0;0;0;0
358;2235;1;0;0;0;0;0;1;0
358;2238;1;0;0;0;0;0;2;0
358;2248;0;2;0;0;0;0;0;0
358;2250;0;0;0;0;0;0;0;0
358;2258;1;0;0;0;0;0;1;0
359;2226;0;0;0;0;0;0;0;0
359;2304;0;0;0;0;0;0;0;0
359;2305;0;0;0;0;0;0;0;0
359;2306;0;0;0;0;0;0;0;0
359;2309;0;0;0;0;0;0;0;0
359;2316;1;0;0;0;2;0;1;0
359;2322;1;0;0;0;0;0;2;0
359;2331;0;2;0;0;0;2;0;0
359;2376;1;0;0;0;3;0;1;0
359;2413;1;1;0;0;0;0;1;0
359;2447;1;0;0;0;0;0;2;0
359;2507;0;1;0;0;0;0;1;0
359;2512;0;0;0;0;0;3;1;0
360;2227;0;0;0;0;0;0;0;0
360;2318;1;0;0;0;1;0;1;0
360;2421;1;1;0;0;0;0;1;0
360;2509;1;1;0;0;0;0;1;0
360;2618;0;0;1;0;0;1;1;1
361;2229;0;0;0;0;0;0;0;0
361;2256;1;0;0;0;0;0;1;0
361;2264;1;1;0;0;0;0;1;0
361;2276;1;1;0;0;0;0;1;0
362;2228;0;0;0;0;0;0;0;0
362;2231;1;0;0;0;0;0;1;0
362;2234;1;0;0;0;0;0;2;0
362;2243;0;1;0;0;0;0;1;0
362;2245;1;0;0;0;0;0;2;0
362;2263;1;0;0;0;0;0;3;0
362;2269;0;0;0;0;0;0;3;0
362;2271;0;0;0;0;1;0;3;0
362;2278;0;0;1;0;0;1;3;1
362;2287;0;1;0;0;0;0;2;1
362;2308;1;0;0;0;0;0;3;1
362;2312;0;0;0;0;1;0;3;1
362;2324;1;0;0;0;0;0;4;1
362;2342;1;0;0;0;0;0;5;1
362;2354;0;4;0;1;0;1;1;0
362;2355;1;0;0;0;0;0;2;0
362;2356;0;1;0;0;0;0;1;0
362;2359;2;0;0;0;0;0;3;0
362;2360;0;0;0;0;0;0;3;0
362;2361;0;0;0;0;0;0;3;0
362;2398;0;2;0;0;0;0;1;0
362;2399;1;0;0;0;0;0;2;0
362;2400;0;0;0;0;0;0;2;0
362;2401;1;0;0;0;0;0;3;0
362;2402;0;0;0;0;0;0;3;0
362;2429;1;3;0;0;0;0;1;0
362;2430;0;0;0;0;0;0;1;0
362;2431;0;0;0;0;0;0;1;0
362;2432;0;0;0;0;0;0;1;0
362;2433;0;0;0;0;0;0;1;0
362;2441;0;0;0;0;0;0;1;0
362;2442;0;0;0;0;0;0;1;0
362;2456;0;0;0;0;0;0;1;0
362;2468;0;0;0;0;0;0;1;0
362;2470;0;0;0;0;0;0;1;0
362;2472;0;0;0;0;0;0;1;0
362;2473;0;0;0;0;0;0;1;0
362;2501;0;0;0;0;0;0;1;0
362;2519;0;0;0;0;0;0;1;0
362;2520;0;0;0;0;0;0;1;0
362;2521;0;0;0;0;0;0;1;0
362;2523;0;0;0;0;0;0;1;0
362;2552;1;0;0;0;0;0;2;0
362;2561;0;0;0;0;0;0;2;0
363;2232;0;0;0;0;0;0;0;0
363;2244;1;0;0;0;1;0;1;0
363;2330;0;1;1;0;0;1;0;1
363;2347;1;0;0;1;0;0;1;0
363;2350;1;0;0;0;0;0;2;0
363;2369;0;2;0;0;0;0;0;0
363;2372;1;0;0;0;0;0;1;0
363;2379;0;0;0;0;0;0;1;0
363;2381;0;0;0;0;0;0;1;0
363;2386;0;0;0;0;0;0;1;0
363;2425;0;0;0;0;0;0;1;0
363;2426;0;0;0;0;0;0;1;0
363;2427;0;0;0;0;0;0;1;0
363;2435;0;0;0;0;0;0;1;0
363;2436;0;0;0;0;0;0;1;0
363;2449;0;0;0;0;0;0;1;0
363;2450;0;0;0;0;0;0;1;0
363;2452;0;0;0;0;0;0;1;0
363;2453;0;0;0;0;0;0;1;0
363;2513;1;1;0;0;0;0;1;0
364;2233;0;0;0;0;0;0;0;0
364;2239;1;0;0;0;0;0;1;0
364;2241;1;0;0;0;0;0;2;0
364;2267;0;1;0;0;0;0;1;0
364;2268;1;0;0;0;0;0;2;0
364;2408;1;2;0;0;0;0;1;0
364;2424;1;1;0;0;0;0;1;0
364;2439;1;0;0;0;0;0;2;0
364;2463;1;2;0;0;0;0;1;0
364;2514;1;0;0;0;2;0;2;0
364;2541;0;1;0;0;0;2;1;0
364;2554;1;0;0;0;0;0;2;0
364;2567;0;2;0;0;0;0;0;0
364;2584;1;0;0;0;0;0;1;0
364;2585;0;0;0;0;0;0;1;0
364;2586;1;0;0;0;0;0;2;0
364;2596;0;0;0;0;0;0;2;0
364;2598;1;0;0;0;0;0;3;0
365;2236;0;0;0;0;0;0;0;0
365;2240;1;0;0;0;0;0;1;0
365;2262;1;0;0;0;0;0;2;0
365;2272;0;0;0;0;0;0;2;0
365;2277;0;1;0;0;0;0;1;0
365;2284;1;0;0;0;0;0;2;0
365;2471;0;0;0;0;0;0;2;0
365;2475;0;0;0;0;0;0;2;0
365;2484;0;1;0;0;0;0;1;0
365;2492;1;0;0;0;0;0;2;0
365;2633;1;2;0;0;0;0;1;0
365;2650;1;1;0;0;0;0;1;0
365;2652;0;0;0;0;0;0;1;0
365;2658;0;0;0;0;0;0;1;0
366;2237;0;0;0;0;0;0;0;0
366;2259;1;0;0;0;0;0;1;0
366;2260;1;0;0;0;0;0;2;0
366;2291;1;2;0;0;1;0;1;0
366;2462;1;1;0;0;2;1;1;0
366;2464;1;0;0;0;0;1;2;0
366;2477;1;0;0;0;0;1;3;0
366;2490;1;1;0;0;1;0;3;0
366;2594;1;3;0;0;1;1;1;0
366;2595;1;0;0;0;0;0;2;0
366;2597;1;2;0;0;0;0;1;0
366;2601;1;1;0;0;2;0;1;0
366;2602;1;0;0;0;0;0;2;0
366;2606;1;0;0;0;0;0;3;0
367;2246;0;0;0;0;0;0;0;0
367;2247;0;0;0;0;0;0;0;0
367;2252;0;0;0;0;0;0;0;0
367;2253;1;0;0;0;0;0;1;0
367;2254;0;1;0;0;0;0;0;0
367;2255;2;0;0;0;0;0;2;0
367;2280;0;0;0;0;0;0;2;0
367;2281;0;0;0;0;0;0;2;0
367;2285;1;0;0;0;0;0;3;0
368;2257;0;0;0;0;0;0;0;0
368;2293;1;0;0;0;0;0;1;0
368;2301;1;0;0;0;0;0;2;0
368;2353;1;2;0;0;0;0;1;0
368;2362;0;0;0;0;0;0;1;0
368;2368;1;0;0;0;0;0;2;0
368;2474;1;0;0;0;0;0;3;0
368;2483;1;2;0;0;0;0;2;0
368;2485;0;0;0;0;0;0;2;0
368;2486;0;0;0;0;0;0;2;0
368;2493;0;0;0;0;0;0;2;0
368;2502;0;1;0;0;0;0;1;0
369;2261;0;0;0;0;0;0;0;0
369;2274;1;0;0;0;0;0;1;0
369;2275;1;0;0;0;0;0;2;0
369;2307;1;2;0;0;0;0;1;0
369;2496;0;0;0;0;1;0;1;0
369;2499;1;0;0;0;0;0;2;0
369;2505;0;0;0;0;0;0;3;0
369;2508;0;0;1;0;0;1;3;1
369;2510;0;0;0;0;0;0;3;1
369;2518;1;0;0;0;3;0;4;1
369;2591;0;1;0;1;0;3;3;0
369;2592;0;0;0;0;0;0;3;0
369;2703;0;0;0;0;0;0;3;0
369;2707;0;0;0;0;0;0;3;0
369;2709;0;0;0;0;0;0;3;0
369;2710;0;0;0;0;0;0;3;0
369;2714;0;0;0;0;0;0;3;0
369;2715;0;0;0;0;0;0;3;0
370;2265;0;0;0;0;0;0;0;0
370;2294;1;0;0;0;0;0;1;0
370;2321;0;0;1;0;0;0;1;1
370;2374;0;0;0;0;0;0;1;1
370;2751;0;0;0;0;0;0;1;1
370;3081;0;0;0;0;0;0;1;2
370;3102;1;0;0;0;0;0;2;2
370;3108;1;0;0;0;0;0;3;2
370;3136;1;1;0;0;0;0;3;2
371;2270;0;0;0;0;0;0;0;0
371;2310;1;0;0;0;1;0;1;0
372;2273;0;0;0;0;0;0;0;0
372;2279;1;0;0;0;0;0;1;0
372;2290;1;0;0;0;0;0;2;0
372;2319;1;0;0;0;0;0;3;0
372;2337;1;1;0;0;0;0;3;0
372;2364;0;0;0;0;0;0;3;0
372;2366;1;0;0;0;0;0;4;0
372;2384;0;0;0;0;0;0;4;0
372;2387;1;0;0;0;0;0;5;0
372;2422;1;2;0;0;0;0;4;0
372;2458;1;1;0;0;0;0;4;0
372;2476;1;4;0;0;0;0;1;0
372;2481;1;1;0;0;0;0;1;0
372;2570;0;0;0;0;0;0;1;0
372;2572;0;0;0;0;0;0;1;0
372;2573;0;0;0;0;0;0;1;0
373;2282;0;0;0;0;0;0;0;0
373;2288;2;0;0;0;0;0;2;0
373;2289;0;1;0;0;0;0;1;0
373;2311;2;0;0;0;0;0;3;0
374;2283;0;0;0;0;0;0;0;0
376;2292;0;0;0;0;0;0;0;0
376;2297;1;0;0;0;0;0;1;0
376;2298;1;0;0;0;0;0;2;0
376;2317;1;1;0;0;0;0;2;0
376;2489;0;1;0;0;0;0;1;0
376;2506;1;1;0;0;0;0;1;0
376;2522;1;0;0;0;0;0;2;0
376;2532;0;0;1;0;0;0;2;1
377;2295;0;0;0;0;0;0;0;0
377;2302;1;0;0;0;0;0;1;0
377;2303;1;0;0;0;0;0;2;0
377;2314;1;2;0;0;0;0;1;0
377;2351;1;1;0;0;0;0;1;0
377;2363;1;0;0;0;0;0;2;0
377;2371;1;1;0;0;0;0;2;0
377;2417;0;1;0;0;1;0;1;0
377;2434;1;1;0;0;0;1;1;0
377;2538;2;1;0;0;0;0;2;0
377;2539;0;1;0;0;0;0;1;0
377;2550;1;1;0;0;0;0;1;0
377;2560;1;1;0;0;0;0;1;0
377;2562;1;0;0;0;0;0;2;0
377;2571;1;0;0;0;0;0;3;0
377;2645;0;3;0;0;0;0;0;0
377;2649;1;0;0;0;0;0;1;0
378;2296;0;0;0;0;0;0;0;0
378;2299;1;0;0;0;0;0;1;0
378;2300;1;0;0;0;0;0;2;0
378;2338;1;2;0;0;0;0;1;0
378;2339;1;0;0;0;0;0;2;0
378;2340;0;0;0;0;0;0;2;0
378;2383;0;1;0;0;0;0;1;0
378;2397;0;0;0;0;0;0;1;0
378;2404;0;0;0;0;0;0;1;0
378;2405;0;0;0;0;0;0;1;0
378;2406;0;0;0;0;0;0;1;0
378;2411;0;0;0;0;0;0;1;0
378;2416;0;0;0;0;0;0;1;0
378;2480;0;0;0;0;0;0;1;0
378;2487;1;0;0;0;0;0;2;0
378;2517;1;0;0;0;0;0;3;0
378;2533;0;2;0;0;0;0;1;0
378;2540;1;0;0;0;0;0;2;0
378;2557;1;1;0;0;0;0;2;0
378;2588;0;1;0;0;0;0;1;0
378;2589;1;1;0;0;0;0;1;0
381;2329;0;0;0;0;0;0;0;0
381;2332;1;0;0;0;0;0;1;0
381;2334;1;0;0;0;0;0;2;0
381;2336;0;0;0;0;0;0;2;0
381;2349;1;1;0;0;0;0;2;0
382;2328;0;0;0;0;0;0;0;0
382;2343;1;0;0;0;0;0;1;0
382;2396;1;1;0;0;0;0;1;0
382;2437;1;1;0;0;1;0;1;0
382;2454;1;0;0;0;0;0;2;0
382;2461;1;2;0;0;0;1;1;0
382;2467;0;0;1;0;0;0;1;1
382;2478;0;0;1;1;0;0;1;1
382;2495;0;0;1;1;0;0;1;1
383;2333;0;0;0;0;0;0;0;0
383;2335;1;0;0;0;1;0;1;0
383;2438;1;1;0;0;0;0;1;0
383;2451;1;1;0;0;0;1;1;0
383;2524;0;1;1;0;0;0;0;1
383;2566;0;0;0;1;0;0;0;0
383;2569;1;0;0;0;0;0;1;0
383;2670;1;1;0;0;0;0;1;0
384;2341;0;0;0;0;0;0;0;0
384;2365;0;0;0;0;0;0;0;0
384;2367;1;0;0;0;0;0;1;0
384;2382;0;0;0;0;0;0;1;0
384;2388;0;0;0;0;0;0;1;0
384;2403;0;0;0;0;0;0;1;0
384;2409;0;0;0;0;0;0;1;0
384;2423;1;0;0;0;0;0;2;0
384;2503;0;0;0;0;0;0;2;0
384;2504;1;0;0;0;0;0;3;0
384;2542;1;0;0;0;0;0;4;0
384;2544;1;0;0;0;0;0;5;0
384;2545;1;0;0;0;0;0;6;0
384;2555;1;0;0;0;0;0;7;0
385;2352;0;0;0;0;0;0;0;0
385;2357;1;0;0;0;0;0;1;0
385;2358;0;0;0;0;0;0;1;0
385;2394;1;1;0;0;0;0;1;0
385;2412;0;1;0;0;0;0;0;0
385;2414;1;0;0;0;0;0;1;0
385;2415;0;0;0;0;0;0;1;0
385;2460;0;1;1;0;0;0;0;1
385;2465;0;0;1;0;0;0;0;2
385;2466;0;0;1;0;0;0;0;3
385;2469;0;0;0;0;0;0;0;3
385;2479;0;0;0;2;0;0;0;1
385;2525;0;0;1;1;0;0;0;1
385;2526;1;0;0;0;0;0;1;1
385;2534;1;1;0;1;0;0;1;0
385;2536;1;0;0;0;0;0;2;0
385;2537;0;0;0;0;0;0;2;0
385;2556;0;0;0;0;0;0;2;0
385;2558;0;0;0;0;0;0;2;0
385;2559;1;0;0;0;0;0;3;0
385;2563;0;0;0;0;0;0;3;0
385;2564;0;0;0;0;0;0;4;0
385;2565;0;0;0;0;0;0;4;0
385;2575;0;0;0;0;0;0;4;0
385;2599;1;3;0;0;0;0;1;0
386;2370;0;0;0;0;0;0;0;0
386;2373;0;0;0;0;0;0;0;0
386;2375;0;0;0;0;0;0;0;0
386;2377;0;0;0;0;0;0;0;0
386;2378;0;0;0;0;0;0;0;0
386;2380;1;0;0;0;1;0;1;0
386;2385;1;0;0;0;0;0;2;0
386;2393;0;0;0;0;0;1;2;0
386;2418;2;0;0;0;1;0;4;0
386;2440;0;3;0;0;0;1;1;0
386;2443;1;0;0;0;0;0;2;0
386;2444;0;1;0;0;0;0;1;0
386;2511;0;1;0;0;0;0;0;0
386;2515;0;0;0;0;0;0;0;0
386;2516;0;0;0;0;0;0;0;0
386;2527;0;0;0;0;0;0;0;0
386;2528;0;0;0;0;0;0;0;0
386;2529;0;0;0;0;0;0;0;0
386;2530;0;0;0;0;0;0;0;0
386;2531;0;0;0;0;0;0;0;0
387;2389;0;0;0;0;0;0;0;0
387;2420;1;0;0;0;0;0;1;0
387;2455;1;1;0;0;0;0;1;0
387;2459;1;0;0;0;0;0;2;0
387;2488;0;0;0;0;0;0;2;0
387;2543;1;0;0;0;0;0;3;0
388;2390;2;0;0;0;0;0;2;0
388;2395;0;0;0;0;0;0;2;0
388;2410;1;0;0;0;0;0;3;0
388;2428;0;1;0;0;0;0;2;0
388;2448;1;0;0;0;0;0;3;0
389;2482;0;0;0;0;0;0;0;0
389;2549;0;0;1;0;0;0;0;1
389;2551;1;0;0;0;0;0;1;1
389;2553;1;1;0;0;0;0;1;1
389;2604;0;0;1;0;0;0;1;2
389;2611;0;0;0;0;0;0;1;4
390;2574;0;0;0;0;0;0;0;0
390;2576;1;0;0;0;0;0;1;0
390;2578;1;0;0;0;0;0;2;0
390;2582;1;2;0;0;0;0;1;0
390;2583;1;1;0;0;0;0;1;0
391;2590;0;0;0;0;0;0;0;0
391;2593;1;0;0;0;0;0;1;0
391;2603;0;0;0;0;0;0;1;0
392;2600;0;0;0;0;0;0;0;0
393;2605;0;0;0;0;0;0;0;0
393;2607;1;0;0;0;0;0;1;0
393;2608;1;0;0;0;0;0;2;0
393;2610;1;2;0;0;0;0;1;0
394;2609;0;0;0;0;0;0;0;0
394;2612;1;0;0;0;0;0;1;0
394;2613;1;0;0;0;0;0;2;0
394;2620;0;1;1;0;0;0;1;1
394;2686;1;1;0;1;0;0;1;0
394;2687;1;0;0;0;0;0;2;0
394;2706;1;2;0;0;0;0;1;0
394;2718;0;1;1;0;0;0;0;1
394;2719;1;0;0;0;0;0;1;1
394;2721;0;0;0;0;0;0;1;1
395;2615;0;0;0;0;0;0;0;0
396;2619;0;0;0;0;0;0;0;0
396;2628;1;0;0;0;0;0;1;0
396;2629;1;0;0;0;0;0;2;0
396;2635;1;2;0;0;0;0;1;0
397;2622;0;0;0;0;0;0;0;0
397;2624;1;0;0;0;0;0;1;0
397;2636;1;1;0;0;0;0;1;0
397;2637;1;0;0;0;0;0;2;0
397;2641;0;2;0;0;0;0;0;0
397;2647;0;0;1;0;0;0;0;1
398;2623;0;0;0;0;0;0;0;0
398;2630;1;0;0;0;0;0;1;0
398;2631;0;0;0;0;0;0;1;0
398;2634;1;0;0;0;0;0;2;0
398;2651;1;2;0;0;0;0;1;0
399;2621;0;0;0;0;0;0;0;0
399;2625;1;0;0;0;0;0;1;0
399;2632;1;0;0;0;0;0;2;0
399;2643;1;1;0;0;0;0;2;0
399;2654;0;0;0;0;0;0;2;0
399;2655;0;2;0;0;0;0;0;0
399;2656;1;0;0;0;0;0;1;0
399;2727;0;0;0;0;0;0;1;0
400;2626;0;0;0;0;0;0;0;0
401;2627;0;0;0;0;0;0;0;0
401;2638;1;0;0;0;0;0;1;0
401;2639;1;0;0;0;0;0;2;0
401;2640;0;0;0;0;0;0;2;0
401;2642;1;0;0;0;0;0;3;0
401;2662;0;3;0;0;0;0;0;0
401;2663;1;0;0;0;0;0;1;0
401;2664;0;1;0;0;0;0;0;0
401;2665;0;0;0;0;0;0;0;0
401;2673;1;0;0;0;0;0;1;0
401;2681;0;0;0;0;0;0;1;0
402;2653;0;0;0;0;0;0;0;0
402;2657;1;0;0;0;0;0;1;0
402;2660;0;0;1;0;0;0;1;1
402;2668;1;1;0;1;0;0;1;0
402;2676;1;1;0;0;0;0;1;0
403;2659;3;0;0;0;0;0;3;0
404;2661;0;0;0;0;0;0;0;0
404;2666;1;0;0;0;0;0;1;0
404;2667;1;0;0;0;0;0;2;0
404;2672;1;0;0;0;0;0;3;0
404;2711;1;3;0;0;0;0;1;0
404;2725;1;0;0;0;0;0;2;0
405;2675;1;0;0;0;0;0;1;0
405;2677;1;0;0;0;0;0;2;0
406;2671;0;0;0;0;0;0;0;0
406;2678;1;0;0;0;0;0;1;0
406;2695;1;0;0;0;0;0;2;0
406;2755;1;2;0;0;0;0;1;0
407;2680;3;0;0;0;0;0;3;0
407;2693;0;0;0;0;0;0;3;0
408;2689;1;0;0;0;1;0;1;0
409;2679;0;0;0;0;0;0;0;0
409;2682;0;0;0;0;0;0;0;0
409;2683;1;0;0;0;0;0;1;0
409;2684;1;0;0;0;0;0;2;0
409;2699;1;2;0;0;0;0;1;0
410;2688;0;0;0;0;0;0;0;0
410;2690;1;0;0;0;0;0;1;0
410;2696;1;0;0;0;0;0;2;0
410;2698;1;0;0;0;0;0;3;0
410;2720;1;3;0;0;2;0;1;0
411;2692;0;0;0;0;0;0;0;0
411;2731;1;0;0;0;0;0;1;0
412;2691;0;0;0;0;0;0;0;0
412;2694;1;0;0;0;0;0;1;0
412;2701;0;1;0;0;0;0;0;0
412;2716;1;0;0;0;0;0;1;0
414;2705;0;0;0;0;0;0;0;0
414;2722;0;0;0;0;0;0;0;0
414;2723;1;0;0;0;0;0;1;0
414;2724;1;0;0;0;0;0;2;0
415;2728;0;0;0;0;0;0;0;0
415;2729;0;0;0;0;0;0;0;0
415;2730;0;0;0;0;0;0;0;0
415;2732;2;0;0;0;0;0;2;0
415;2733;0;1;0;0;0;0;1;0
415;2735;2;0;0;0;0;0;3;0
416;2734;0;0;0;0;0;0;0;0
416;2736;1;0;0;0;0;0;1;0
416;2738;1;0;0;0;0;0;2;0
416;2739;0;0;0;0;0;0;2;0
418;2764;1;0;0;0;1;0;1;0
419;2737;0;0;0;0;0;0;0;0
419;2740;2;0;0;0;0;0;2;0
419;2741;0;1;0;0;0;0;1;0
419;2742;0;1;0;0;0;0;0;0
419;2743;1;0;0;0;0;0;1;0
419;2744;0;1;0;0;0;0;0;0
419;2745;0;0;0;0;0;0;0;0
419;2746;0;0;0;0;0;0;0;0
419;2748;0;0;1;0;0;0;0;1
419;2750;0;0;0;0;0;0;0;1
424;2752;0;0;0;0;0;0;0;0
424;2753;1;0;0;0;0;0;1;0
424;2756;1;1;0;0;0;0;1;0
424;2757;1;0;0;0;0;0;2;0
424;2785;0;0;1;0;0;0;2;1
424;2811;1;2;0;1;0;0;1;0
424;2850;0;0;1;0;0;0;1;1
424;2855;1;0;0;0;0;0;2;1
424;2916;1;2;0;1;0;0;1;0
424;2918;1;0;0;0;0;0;2;0
424;2932;1;0;0;0;0;0;3;0
424;2945;0;1;0;0;0;0;2;0
424;2994;0;1;0;0;0;0;1;0
426;2747;0;0;0;0;0;0;0;0
426;2754;1;0;0;0;0;0;1;0
426;2798;0;1;0;0;0;0;0;0
427;2749;0;0;0;0;0;0;0;0
427;2766;1;0;0;0;0;0;1;0
427;2859;1;1;0;0;0;0;1;0
427;2860;1;0;0;0;0;0;2;0
427;2866;1;0;0;0;2;0;3;0
427;2891;1;1;0;0;0;2;3;0
427;2951;0;3;1;0;0;0;0;1
427;2969;1;0;0;1;0;0;1;0
427;2970;1;0;0;0;0;0;2;0
427;2993;0;0;1;0;0;0;2;1
427;3085;1;0;0;0;0;0;3;1
427;3129;0;0;2;0;0;0;3;3
428;2758;0;0;0;0;0;0;0;0
429;2759;1;0;0;0;0;0;1;0
429;2767;1;0;0;0;0;0;2;0
429;2797;0;2;0;0;0;0;0;0
430;2760;0;0;0;0;0;0;0;0
430;2761;1;0;0;0;0;0;1;0
430;2774;1;0;0;0;1;0;2;0
430;2792;1;2;0;0;0;1;1;0
431;2762;0;0;0;0;0;0;0;0
431;2765;1;0;0;0;0;0;1;0
431;2768;1;0;0;0;0;0;2;0
431;2771;1;0;0;0;0;0;3;0
431;2776;1;2;0;0;0;0;2;0
432;2763;0;0;0;0;0;0;0;0
432;2769;1;0;0;0;0;0;1;0
432;2770;0;0;0;0;0;0;1;0
432;2775;1;0;0;0;0;0;2;0
433;2778;0;0;0;0;0;0;0;0
433;2786;0;0;0;0;0;0;0;0
433;2788;1;0;0;0;0;0;1;0
433;2803;1;0;0;0;0;0;2;0
434;2773;0;0;0;0;0;0;0;0
434;2779;0;0;0;0;0;0;0;0
434;2790;1;0;0;0;0;0;1;0
434;2793;1;0;0;0;0;0;2;0
434;2799;0;0;0;0;0;0;2;0
434;2801;1;0;0;0;0;0;3;0
434;2807;0;0;0;0;0;0;3;0
434;2941;0;0;0;0;0;0;3;0
434;2942;0;0;0;0;0;0;3;0
434;2944;1;0;0;0;0;0;4;0
434;2949;0;1;0;0;0;0;3;0
434;2950;0;0;0;0;0;0;3;0
434;2953;1;0;0;0;0;0;4;0
434;2954;0;0;0;0;0;0;4;0
434;3163;0;0;0;0;1;0;5;0
434;3165;1;0;0;0;0;1;6;0
435;2772;1;0;0;0;0;0;1;0
436;2777;0;0;0;0;0;0;0;0
436;2782;2;0;0;0;0;0;2;0
436;2784;0;1;0;0;0;0;1;0
436;2787;2;0;0;0;0;0;3;0
436;2789;0;0;0;0;0;0;4;0
436;2791;1;0;0;0;0;0;5;0
436;2796;1;0;0;0;0;0;6;0
440;2802;3;0;0;0;0;0;3;0
440;2838;0;0;0;0;0;0;3;0
440;2839;0;0;0;0;0;0;3;0
440;2882;0;0;0;0;0;0;3;0
440;2885;0;0;0;0;0;0;4;0
440;2887;0;0;0;0;0;0;5;0
440;2908;0;0;0;0;0;0;5;0
440;2909;0;0;0;0;0;0;5;0
440;2915;1;0;0;0;0;0;6;0
443;2804;1;0;0;0;0;0;1;0
443;2806;0;1;0;0;0;0;0;0
443;2809;2;0;0;0;0;0;2;0
449;2812;0;0;0;0;0;0;0;0
449;2813;2;0;0;0;0;0;2;0
449;2814;0;1;0;0;0;0;1;0
449;2903;1;1;0;0;0;0;1;0
449;2911;1;1;0;0;0;0;1;0
450;2815;0;0;0;0;0;0;0;0
450;2825;1;0;0;0;0;0;1;0
450;2830;1;0;0;0;0;0;2;0
450;2853;1;2;0;0;0;0;1;0
450;2906;0;1;0;0;0;0;0;0
450;2938;1;0;0;0;0;0;1;0
450;2956;0;1;1;0;0;0;0;1
450;2957;0;0;0;0;0;0;0;1
450;2967;0;0;0;0;0;0;0;2
450;2990;0;0;2;0;0;0;0;4
450;2991;0;0;0;0;0;0;0;4
450;3001;0;0;0;0;0;0;0;5
450;3003;0;0;0;0;0;0;0;5
450;3006;0;0;0;0;0;0;0;6
450;3009;0;0;0;0;0;0;0;6
450;3010;0;0;0;0;0;0;0;6
450;3025;0;0;1;3;0;0;0;1
450;3027;0;0;0;0;0;0;0;1
450;3045;1;0;0;0;0;0;1;1
450;3052;1;1;0;1;0;0;1;0
450;3054;1;0;0;0;0;0;2;0
450;3079;0;0;1;0;0;0;2;1
450;3080;0;0;0;0;0;0;2;1
450;3089;1;0;0;0;0;0;3;1
450;3116;1;1;0;0;0;0;3;1
450;3125;0;2;0;1;0;0;1;0
450;3133;0;0;1;0;0;0;1;1
450;3143;1;1;0;1;0;0;1;0
450;3146;2;0;0;0;0;0;3;0
450;3148;0;0;0;0;0;0;3;0
450;3149;0;1;0;0;0;0;2;0
451;2816;0;0;0;0;0;0;0;0
451;2823;0;0;0;0;0;0;0;0
451;2832;1;0;0;0;1;0;1;0
451;2879;0;1;1;0;0;1;0;1
451;2937;1;0;0;0;1;0;1;2
451;2995;1;0;0;0;0;0;2;2
452;2817;0;0;0;0;0;0;0;0
452;2821;1;0;0;0;0;0;1;0
452;2831;1;0;0;0;0;0;2;0
452;2833;0;1;0;0;0;0;1;0
452;2851;1;0;0;0;0;0;3;0
452;2874;1;0;0;0;0;0;4;0
452;2902;0;0;0;0;0;0;5;0
452;2992;0;0;1;0;0;0;5;1
452;3061;0;0;1;0;0;0;5;2
452;3070;1;0;0;0;0;0;6;2
454;2818;0;0;0;0;0;0;0;0
454;2819;2;0;0;0;0;0;2;0
454;2820;1;0;0;0;0;0;3;0
454;2822;0;2;0;0;0;0;1;0
454;2827;1;1;0;0;0;0;1;0
454;2834;1;1;0;0;0;0;1;0
454;2842;0;0;1;0;0;0;1;1
454;2843;0;0;0;0;0;0;1;1
454;2844;0;0;0;0;0;0;1;1
456;2826;0;0;0;0;0;0;0;0
456;2828;1;0;0;0;0;0;1;0
456;2829;1;0;0;0;0;0;2;0
456;2837;1;1;0;0;0;0;2;0
457;2835;0;0;0;0;0;0;0;0
457;2836;1;0;0;0;0;0;1;0
457;2840;1;0;0;0;0;0;2;0
457;2841;0;0;0;0;0;0;2;0
457;2846;1;0;0;0;0;0;3;0
458;2845;0;0;0;0;0;0;0;0
458;2848;0;0;0;0;0;0;0;0
458;2849;0;0;0;0;0;0;0;0
458;2852;0;0;0;0;0;0;0;0
458;2888;1;0;0;0;0;0;1;0
458;2890;1;0;0;0;0;0;2;0
458;2907;0;2;0;0;0;0;0;0
458;2927;0;0;0;0;0;0;0;0
458;2929;0;0;0;0;0;0;0;0
458;2930;0;0;0;0;0;0;0;0
458;2934;0;0;0;0;0;0;0;0
458;2936;0;0;0;0;0;0;0;0
458;2940;0;0;0;0;0;0;0;0
458;2946;0;0;0;0;0;0;0;0
462;2854;0;0;0;0;0;0;0;0
462;2856;1;0;0;0;0;0;1;0
462;2857;1;0;0;0;0;0;2;0
462;2864;1;2;0;0;0;0;1;0
462;2868;1;1;0;0;0;0;1;0
462;2870;0;0;0;0;0;0;1;0
462;2952;0;0;0;0;0;0;1;0
462;2955;0;0;0;0;0;0;1;0
462;2958;0;0;0;0;0;0;1;0
462;2959;0;0;0;0;0;0;1;0
462;2961;1;0;0;0;0;0;2;0
462;2964;1;0;0;0;0;0;3;0
462;2965;0;1;0;0;0;0;2;0
462;2985;1;0;0;0;0;0;3;0
462;2996;0;0;0;0;0;0;4;0
462;3004;0;0;1;0;0;0;4;1
462;3005;0;0;0;0;0;0;4;1
463;2858;0;0;0;0;0;0;0;0
463;2861;1;0;0;0;1;0;1;0
463;2862;1;0;0;0;0;0;2;0
463;2873;1;0;0;0;0;0;3;0
463;2896;1;3;0;0;0;1;1;0
463;2904;1;0;0;0;0;0;2;0
463;2926;0;1;0;0;0;0;1;0
463;2928;1;0;0;0;0;0;2;0
464;2863;0;0;0;0;0;0;0;0
465;2865;0;0;0;0;0;0;0;0
465;2877;1;0;1;0;1;0;1;1
465;2878;0;1;0;0;0;1;0;1
465;2880;2;0;0;0;0;0;2;1
465;2900;1;0;0;0;0;0;3;1
465;2919;0;2;0;1;0;0;1;0
465;2920;1;0;0;0;0;0;2;0
465;2921;1;2;0;0;0;0;1;0
465;2922;0;0;0;0;0;0;1;0
465;2923;1;0;0;0;0;0;2;0
465;2939;0;2;0;0;0;0;0;0
465;2948;0;0;0;0;0;0;0;0
465;2960;0;0;0;0;0;0;0;0
465;2962;1;0;0;0;0;0;1;0
465;2963;1;0;0;0;0;0;2;0
465;2972;0;1;0;0;0;0;1;0
465;2977;1;0;0;0;0;0;2;0
465;2982;0;0;0;0;0;0;2;0
465;2983;0;0;0;0;0;0;2;0
465;2984;0;0;0;0;0;0;3;0
465;2986;0;0;0;0;0;0;3;0
465;2987;0;0;0;0;0;0;3;0
465;2989;0;0;0;0;0;0;3;0
465;3008;0;0;1;0;0;0;3;1
465;3012;0;0;1;0;0;0;3;2
465;3013;0;0;0;0;0;0;3;2
466;2867;0;0;0;0;0;0;0;0
466;2871;0;0;0;0;0;0;0;0
466;2875;1;0;0;0;0;0;1;0
466;2897;1;1;0;0;0;0;1;0
467;2881;0;0;0;0;0;0;0;0
467;2886;1;0;0;0;0;0;1;0
467;2889;0;0;0;0;0;0;1;0
467;2893;1;0;0;0;0;0;2;0
467;2925;1;1;0;0;1;0;2;0
467;2931;0;2;0;0;0;1;0;0
467;2968;0;0;1;0;0;0;0;1
467;3015;0;0;1;1;0;0;0;1
468;2892;0;0;0;0;0;0;0;0
468;2894;1;0;0;0;0;0;1;0
468;2895;1;0;0;0;0;0;2;0
468;2912;0;2;0;0;0;0;0;0
468;2913;0;0;0;0;0;0;0;0
468;2914;0;0;0;0;0;0;0;0
468;2966;0;0;0;0;0;0;0;0
468;3000;0;0;1;0;0;0;0;1
468;3002;0;0;1;1;0;0;0;1
468;3023;0;0;0;0;0;0;0;1
468;3036;0;0;1;1;0;0;0;1
468;3038;0;0;0;0;0;0;0;1
468;3076;0;0;1;0;0;0;0;2
468;3077;0;0;0;0;0;0;0;2
468;3086;0;0;0;0;0;0;0;2
468;3091;0;0;1;0;0;0;0;3
468;3092;0;0;0;0;0;0;0;3
468;3098;0;0;0;1;0;0;0;2
468;3099;0;0;0;0;0;0;0;2
468;3100;0;0;1;1;0;0;0;2
468;3101;0;0;0;0;0;0;0;2
468;3117;0;0;1;0;0;0;0;3
468;3118;0;0;0;0;0;0;0;3
468;3123;0;0;0;1;0;0;0;2
468;3124;0;0;0;0;0;0;0;2
468;3130;0;0;1;0;0;0;0;3
468;3132;0;0;0;0;0;0;0;3
469;2898;0;0;0;0;0;0;0;0
469;2899;2;0;0;0;0;0;2;0
469;2901;0;1;0;0;0;0;1;0
470;2924;0;0;0;0;0;0;0;0
470;2935;1;0;0;0;0;0;1;0
470;2947;1;0;0;0;0;0;2;0
472;2974;1;0;0;0;0;0;1;0
472;2975;0;1;0;0;0;0;0;0
472;2976;1;0;0;0;0;0;1;0
472;2978;1;0;0;0;0;0;2;0
472;2979;0;1;0;0;0;0;1;0
473;2973;0;0;0;0;0;0;0;0
474;2980;0;0;0;0;0;0;0;0
474;2998;1;0;0;0;1;0;1;0
474;2999;1;0;0;0;0;0;2;0
474;3016;0;2;1;0;0;1;0;1
474;3017;2;0;0;0;0;0;2;1
474;3031;1;1;0;0;0;0;2;1
474;3034;1;0;0;0;0;0;3;1
474;3039;0;0;0;0;0;0;3;1
474;3040;0;1;0;0;0;0;2;1
474;3042;0;0;0;0;0;0;2;1
474;3043;0;0;0;0;0;0;2;1
474;3044;0;0;0;0;0;0;2;1
474;3046;0;0;0;0;0;0;2;1
474;3047;0;0;0;0;0;0;2;1
474;3065;0;2;1;1;0;0;0;1
474;3067;0;0;0;0;0;0;0;1
474;3071;1;0;0;0;0;0;1;1
474;3073;0;0;0;0;0;0;1;1
474;3074;0;0;0;0;0;0;1;1
474;3083;0;0;1;0;0;0;1;2
474;3084;0;0;0;0;0;0;1;2
474;3093;0;1;1;2;0;0;0;1
474;3094;0;0;0;0;0;0;0;1
474;3095;0;0;1;0;0;0;0;2
474;3096;0;0;0;0;0;0;0;2
475;2988;0;0;0;0;0;0;0;0
475;2997;1;0;0;0;0;0;1;0
475;3007;0;0;1;0;0;0;1;1
475;3014;0;0;0;0;0;0;1;2
475;3113;1;0;0;0;0;0;2;2
475;3121;1;0;0;0;0;0;3;2
476;3011;0;0;0;0;0;0;0;0
476;3018;0;0;0;0;0;0;0;0
476;3019;1;0;0;0;0;0;1;0
476;3020;1;1;0;0;0;0;1;0
476;3022;0;0;0;0;0;0;1;0
477;3021;0;0;0;0;0;0;0;0
477;3024;1;0;0;0;0;0;1;0
477;3035;1;1;0;0;0;0;1;0
477;3037;1;0;0;0;0;0;2;0
478;3026;1;0;2;0;0;0;1;2
478;3069;0;0;1;0;0;0;1;3
478;3097;1;0;0;1;0;0;2;2
478;3150;0;1;0;0;0;0;1;2
478;3153;1;0;0;0;1;0;2;2
478;3171;1;0;0;0;0;0;3;2
479;3029;0;0;0;0;0;0;0;0
479;3032;1;0;0;0;0;0;1;0
479;3033;1;0;0;0;0;0;2;0
479;3053;1;2;0;0;0;0;1;0
479;3059;1;1;0;0;0;0;1;0
479;3060;1;0;0;0;0;0;2;0
479;3062;1;0;0;0;0;0;3;0
479;3140;0;0;1;0;0;0;3;1
479;3179;0;2;0;1;0;0;1;0
479;3180;1;0;0;0;0;0;2;0
479;3181;1;0;0;0;0;0;3;0
480;3028;0;0;0;0;0;0;0;0
480;3030;1;0;0;0;0;0;1;0
480;3041;1;1;0;0;0;0;1;0
480;3064;0;0;0;0;0;0;1;0
481;3050;0;0;0;0;0;0;0;0
481;3055;1;0;0;0;0;0;1;0
481;3056;1;0;0;0;0;0;2;0
481;3066;0;2;1;0;0;0;0;1
481;3072;1;0;0;0;0;0;1;1
481;3075;0;0;0;0;0;0;1;1
481;3109;1;1;0;1;0;0;1;0
481;3110;1;0;0;0;0;0;2;0
481;3111;1;0;0;0;0;0;3;0
481;3112;0;0;0;0;0;0;3;0
481;3131;0;0;1;0;0;0;3;1
481;3141;0;0;1;0;0;0;3;2
481;3142;0;0;0;0;0;0;3;2
481;3154;0;0;0;0;0;0;3;2
481;3155;0;0;0;0;0;0;3;2
482;3048;0;0;0;0;0;0;0;0
482;3049;1;0;0;0;0;0;1;0
482;3051;1;0;0;0;0;0;2;0
482;3057;1;0;0;0;0;0;3;0
482;3058;1;0;0;0;0;0;4;0
482;3068;1;4;0;0;0;0;1;0
482;3078;0;0;1;0;0;0;1;1
483;3063;0;0;0;0;0;0;0;0
483;3087;1;0;0;0;0;0;1;0
483;3090;1;0;0;0;1;0;2;0
483;3126;0;1;0;0;0;1;1;0
483;3127;1;0;0;0;0;0;2;0
483;3128;1;0;0;0;0;0;3;0
483;3139;1;0;0;0;0;0;4;0
483;3144;0;0;0;0;0;0;4;0
483;3145;1;0;0;0;0;0;5;0
483;3164;0;0;1;0;0;0;5;1
483;3166;0;0;0;0;0;0;5;2
483;3167;0;0;0;0;0;0;5;5
484;3082;0;0;0;0;0;0;0;0
485;3088;0;0;0;0;0;0;0;0
485;3134;0;0;1;0;0;0;0;1
485;3138;0;0;0;0;0;0;0;1
486;3103;0;0;0;0;0;0;0;0
486;3105;1;0;0;0;1;0;1;0
487;3104;0;0;0;0;0;0;0;0
487;3106;1;0;0;0;0;0;1;0
487;3107;1;0;0;0;0;0;2;0
487;3114;0;0;0;0;0;0;2;0
487;3115;1;0;0;0;0;0;3;0
487;3119;0;0;0;0;0;0;4;0
487;3120;1;0;0;0;0;0;5;0
487;3135;0;0;1;0;0;0;5;1
487;3147;0;0;1;0;0;0;5;2
487;3151;1;0;0;0;0;0;6;2
488;3137;0;0;0;0;0;0;0;0
489;3152;0;0;0;0;0;0;0;0
489;3156;1;0;0;0;0;0;1;0
489;3161;0;0;1;0;0;0;1;1
489;3168;0;0;0;1;0;0;1;0
489;3169;0;0;1;0;0;0;1;1
489;3170;0;0;1;0;0;0;1;2
490;3157;0;0;0;0;0;0;0;0
490;3159;0;0;0;0;0;0;0;0
490;3160;1;0;0;0;0;0;1;0
490;3196;1;0;0;0;0;0;2;0
490;3200;0;1;0;0;0;0;1;0
491;3158;0;0;0;0;0;0;0;0
491;3162;1;0;0;0;1;0;1;0
491;3172;1;1;0;0;0;1;1;0
491;3174;1;1;0;0;0;0;1;0
491;3175;1;0;0;0;0;0;2;0
491;3177;0;0;0;0;0;0;2;0
491;3182;1;1;0;0;0;0;2;0
491;3183;1;1;0;0;0;0;2;0
491;3184;1;0;0;0;0;0;3;0
492;3173;0;0;0;0;0;0;0;0
492;3176;0;0;1;0;0;0;0;1
492;3178;1;0;0;0;0;0;1;1
493;3185;0;0;0;0;0;0;0;0
493;3187;1;0;0;0;0;0;1;0
493;3188;0;0;0;0;0;0;1;0
493;3190;1;0;0;0;0;0;2;0
493;3199;1;2;0;0;0;0;1;0
493;3204;0;1;1;0;0;0;0;1
493;3205;1;0;0;0;0;0;1;1
493;3209;0;1;0;0;0;0;0;1
493;3210;1;0;0;0;0;0;1;1
493;3211;1;0;0;0;0;0;2;1
493;3212;1;0;0;0;0;0;3;1
493;3214;0;0;1;0;0;0;3;2
493;3215;0;0;0;0;0;0;3;2
493;3217;0;0;1;0;0;0;3;3
493;3218;0;0;0;0;0;0;3;3
494;3186;0;0;0;0;0;0;0;0
494;3189;1;0;0;0;0;0;1;0
494;3191;1;0;0;0;0;0;2;0
494;3195;1;2;0;0;0;0;1;0
494;3197;2;1;0;0;0;0;2;0
494;3198;0;1;0;0;0;0;1;0
494;3202;1;0;1;0;0;0;2;1
494;3213;0;0;1;1;0;0;2;1
494;3216;1;0;0;0;0;0;3;1
495;3192;0;0;0;0;0;0;0;0
495;3193;1;0;0;0;0;0;1;0
495;3194;1;0;0;0;0;0;2;0
496;3201;0;0;0;0;0;0;0;0
496;3206;1;0;0;0;0;0;1;0
496;3208;0;0;1;0;0;0;1;1
496;3219;1;0;0;0;0;0;2;1
496;3220;1;0;0;0;0;0;3;1
496;3221;0;2;1;1;0;0;1;1
497;3203;0;0;0;0;0;0;0;0
497;3207;1;0;0;0;0;0;1;0
498;3223;1;0;0;0;0;0;1;0
498;3224;1;0;0;0;0;0;2;0
499;3236;0;0;0;0;0;0;0;0
499;3237;1;0;0;0;0;0;1;0
499;3238;1;0;0;0;0;0;2;0
499;3239;0;0;1;0;0;0;2;1
499;3240;0;0;0;0;0;0;2;2
499;3241;0;0;1;0;0;0;2;3
499;3242;0;1;1;2;0;0;1;1
499;3243;1;0;0;0;0;0;2;1
500;3244;0;0;0;0;0;0;0;0
501;3245;0;0;0;0;0;0;0;0
502;3246;0;0;0;0;0;0;0;0
503;3247;0;0;0;0;0;0;0;0
504;3248;0;0;0;0;0;0;0;0
505;3249;0;0;0;0;0;0;0;0
506;3250;0;0;0;0;0;0;0;0
506;3251;1;0;0;0;0;0;1;0
506;3252;0;0;0;0;0;0;1;0
506;3253;0;0;0;0;0;0;1;0
506;3254;0;0;0;0;0;0;1;0
506;3255;0;0;0;0;0;0;1;0
506;3256;0;0;0;0;0;0;1;0
507;3257;0;0;0;0;0;0;0;0
507;3258;1;0;0;0;0;0;1;0
508;3259;0;0;0;0;0;0;0;0
508;3260;1;0;0;0;0;0;1;0
508;3261;1;0;0;0;0;0;2;0
508;3262;0;0;0;0;0;0;2;0
508;3263;1;0;0;0;0;0;3;0
509;3264;0;0;0;0;0;0;0;0
509;3265;1;0;0;0;0;0;1;0
510;3266;0;0;0;0;0;0;0;0
511;3267;0;0;0;0;0;0;0;0
512;3268;0;0;0;0;0;0;0;0
513;3269;0;0;0;0;0;0;0;0
514;3270;0;0;0;0;0;0;0;0
514;3271;1;0;0;0;0;0;1;0
514;3272;2;1;0;0;0;0;2;0
515;3273;0;0;0;0;0;0;0;0
515;3274;1;0;0;0;0;0;1;0
515;3275;2;1;0;0;0;0;2;0
515;3276;1;2;0;0;0;0;1;0
516;3277;0;0;0;0;0;0;0;0
516;3278;0;0;0;0;0;0;0;0
517;3279;0;0;0;0;0;0;0;0
517;3280;1;0;0;0;0;0;1;0
517;3281;1;0;0;0;0;0;2;0
518;3282;0;0;0;0;0;0;0;0
518;3283;1;0;0;0;0;0;1;0
518;3284;1;0;0;0;0;0;2;0
519;3285;0;0;0;0;0;0;0;0
519;3286;1;0;0;0;0;0;1;0
519;3287;1;0;0;0;0;0;2;0
520;3288;0;0;0;0;0;0;0;0
520;3289;1;0;0;0;0;0;1;0
521;3290;0;0;0;0;0;0;0;0
521;3291;1;0;0;0;0;0;1;0
522;3292;0;0;0;0;0;0;0;0
522;3293;0;0;0;0;0;0;0;0
523;3294;0;0;0;0;0;0;0;0
523;3295;1;0;0;0;0;0;1;0
523;3296;2;1;0;0;0;0;2;0
524;3297;0;0;0;0;0;0;0;0
524;3298;1;0;0;0;0;0;1;0
524;3299;1;0;0;0;0;0;2;0
525;3300;0;0;0;0;0;0;0;0
525;3301;1;0;0;0;0;0;1;0
525;3302;1;0;0;0;0;0;2;0
525;3303;1;0;0;0;0;0;3;0
526;3304;0;0;0;0;0;0;0;0
526;3305;1;0;0;0;0;0;1;0
526;3306;1;0;0;0;0;0;2;0
527;3307;0;0;0;0;0;0;0;0
528;3308;0;0;0;0;0;0;0;0
528;3309;1;0;0;0;0;0;1;0
528;3310;2;1;0;0;0;0;2;0
529;3311;0;0;0;0;0;0;0;0
530;3312;0;0;0;0;0;0;0;0
530;3313;1;0;0;0;0;0;1;0
530;3314;1;0;0;0;0;0;2;0
531;3315;0;0;0;0;0;0;0;0
532;3316;0;0;0;0;0;0;0;0
533;3317;0;0;0;0;0;0;0;0
533;3318;1;0;0;0;0;0;1;0
534;3319;0;0;0;0;0;0;0;0
535;3320;0;0;0;0;0;0;0;0
535;3321;1;0;0;0;0;0;1;0
535;3322;1;0;0;0;0;0;2;0
535;3323;1;0;0;0;0;0;3;0
535;3324;0;2;0;0;0;0;1;0
535;3325;1;0;0;0;0;0;2;0
535;3326;0;0;0;0;0;0;2;0
536;3327;0;0;0;0;0;0;0;0
537;3328;0;0;0;0;0;0;0;0
538;3329;0;0;0;0;0;0;0;0
539;3330;0;0;0;0;0;0;0;0
540;3331;0;0;0;0;0;0;0;0
540;3332;1;0;0;0;0;0;1;0
540;3333;2;1;0;0;0;0;2;0
541;3334;0;0;0;0;0;0;0;0
542;3335;0;0;0;0;0;0;0;0
543;3336;0;0;0;0;0;0;0;0
544;3337;0;0;0;0;0;0;0;0
544;3338;1;0;0;0;0;0;1;0
545;3339;0;0;0;0;0;0;0;0
546;3340;0;0;0;0;0;0;0;0
547;3341;0;0;0;0;0;0;0;0
548;3342;0;0;0;0;0;0;0;0
548;3343;1;0;0;0;0;0;1;0
548;3344;2;1;0;0;0;0;2;0
549;3345;0;0;0;0;0;0;0;0
550;3346;0;0;0;0;0;0;0;0
551;3347;0;0;0;0;0;0;0;0
552;3348;0;0;0;0;0;0;0;0
553;3349;0;0;0;0;0;0;0;0
554;3350;0;0;0;0;0;0;0;0
554;3351;1;0;0;0;0;0;1;0
554;3352;1;1;0;0;0;0;1;0
555;3353;0;0;0;0;0;0;0;0
556;3354;0;0;0;0;0;0;0;0
557;3355;0;0;0;0;0;0;0;0
558;3356;0;0;0;0;0;0;0;0
558;3357;1;0;0;0;0;0;1;0
558;3358;2;1;0;0;0;0;2;0
559;3359;0;0;0;0;0;0;0;0
559;3360;1;0;0;0;0;0;1;0
559;3361;1;0;0;0;0;0;2;0
559;3362;0;0;0;0;0;0;2;0
560;3363;0;0;0;0;0;0;0;0
560;3364;1;0;0;0;0;0;1;0
560;3365;1;0;0;0;0;0;2;0
560;3366;1;1;0;0;0;0;2;0
560;3367;0;2;0;0;0;0;0;0
560;3368;1;0;0;0;0;0;1;0
560;3369;1;1;0;0;0;0;1;0
561;3370;0;0;0;0;0;0;0;0
562;3371;0;0;0;0;0;0;0;0
563;3372;0;0;0;0;0;0;0;0
564;3373;0;0;0;0;0;0;0;0
565;3374;0;0;0;0;0;0;0;0
566;3375;0;0;0;0;0;0;0;0
566;3376;1;0;0;0;0;0;1;0
567;3377;0;0;0;0;0;0;0;0
568;3378;0;0;0;0;0;0;0;0
569;3379;0;0;0;0;0;0;0;0
569;3380;1;0;0;0;0;0;1;0
569;3381;1;0;0;0;0;0;2;0
570;3382;0;0;0;0;0;0;0;0
570;3383;1;0;0;0;0;0;1;0
570;3384;1;0;0;0;0;0;2;0
570;3385;1;0;0;0;0;0;3;0
570;3386;0;0;1;0;0;0;3;1
570;3387;0;0;0;1;0;0;3;0
571;3388;3;0;0;0;0;0;3;0
572;3389;0;0;0;0;0;0;0;0
572;3390;1;0;0;0;0;0;1;0
572;3391;1;0;0;0;0;0;2;0
572;3392;1;0;0;0;0;0;3;0
573;3393;0;0;0;0;0;0;0;0
573;3394;0;0;1;0;0;0;0;1
573;3395;1;0;0;0;0;0;1;1
573;3396;0;0;0;1;0;0;1;0
573;3397;0;0;1;0;0;0;1;1
573;3398;0;1;1;1;0;0;0;1
573;3399;0;0;1;1;0;0;0;1
573;3400;1;0;0;0;0;0;1;1
573;3401;0;1;1;1;0;0;0;1
573;3402;1;0;0;0;0;0;1;1
573;3403;0;1;1;1;0;0;0;1
573;3404;1;0;0;0;0;0;1;1
573;3405;1;1;0;0;0;0;1;1
573;3406;0;1;1;1;0;0;0;1
573;3407;1;0;0;0;0;0;1;1
573;3408;0;1;1;0;0;0;0;2
573;3409;1;0;0;0;0;0;1;2
574;3410;0;0;0;0;0;0;0;0
574;3411;1;0;0;0;0;0;1;0
574;3412;1;0;0;0;0;0;2;0
574;3413;1;0;0;0;0;0;3;0
574;3414;1;0;0;0;0;0;4;0
574;3415;0;2;0;0;0;0;2;0
574;3416;1;0;0;0;0;0;3;0
575;3417;0;0;0;0;0;0;0;0
575;3418;1;0;0;0;1;0;1;0
575;3419;0;0;0;0;0;1;1;0
576;3420;0;0;0;0;0;0;0;0
576;3421;0;0;0;0;0;0;0;0
576;3422;1;0;0;0;0;0;1;0
576;3423;1;1;0;0;1;0;1;0
577;3424;0;0;0;0;0;0;0;0
577;3425;1;0;0;0;0;0;1;0
577;3426;1;0;0;0;0;0;2;0
577;3427;1;0;0;0;0;0;3;0
577;3428;1;0;0;0;0;0;4;0
577;3429;1;0;0;0;0;0;5;0
577;3430;0;3;1;0;0;0;2;1
578;3431;0;0;0;0;0;0;0;0
578;3432;1;0;0;0;0;0;1;0
578;3433;1;0;0;0;0;0;2;0
578;3434;1;0;0;0;0;0;3;0
578;3435;1;0;0;0;0;0;4;0
578;3436;0;0;0;0;0;0;5;0
578;3437;1;0;0;0;0;0;6;0
578;3438;0;4;0;0;0;0;1;0
578;3439;0;0;0;0;0;0;1;0
578;3440;1;0;0;0;0;0;2;0
578;3441;1;2;0;0;0;0;1;0
578;3442;0;0;0;0;0;0;1;0
578;3443;1;0;0;0;0;0;2;0
578;3444;1;0;0;0;0;0;3;0
578;3445;1;0;0;0;0;0;4;0
578;3446;0;0;1;0;0;0;4;1
578;3447;0;0;0;0;0;0;4;1
579;3448;0;0;0;0;0;0;0;0
579;3449;1;0;0;0;0;0;1;0
579;3450;1;0;0;0;0;0;2;0
579;3451;0;1;0;0;0;0;1;0
579;3452;1;0;0;0;0;0;2;0
579;3453;1;0;0;0;0;0;3;0
580;3454;0;0;0;0;0;0;0;0
580;3455;0;0;0;0;0;0;0;0
580;3456;1;0;0;0;0;0;1;0
580;3457;1;0;0;0;0;0;2;0
580;3458;1;1;0;0;0;0;2;0
580;3459;1;1;0;0;0;0;2;0
580;3460;1;1;0;0;0;0;2;0
580;3461;0;0;0;0;0;0;2;0
580;3462;1;0;0;0;0;0;3;0
580;3463;1;0;0;0;0;0;4;0
580;3464;0;0;0;0;0;0;4;0
580;3465;1;0;0;0;0;0;5;0
581;3466;0;0;0;0;0;0;0;0
581;3467;1;0;0;0;0;0;1;0
581;3468;0;0;0;0;0;0;1;0
581;3469;0;0;0;0;0;0;1;0
581;3470;2;1;0;0;1;0;2;0
582;3471;0;0;0;0;0;0;0;0
582;3472;0;0;0;0;0;0;0;0
584;3473;0;0;0;0;0;0;0;0
584;3474;1;0;0;0;0;0;1;0
584;3475;2;1;0;0;0;0;2;0
584;3476;2;1;0;0;0;0;3;0
584;3477;0;0;0;0;0;0;3;0
584;3478;2;1;0;0;0;0;4;0
585;3479;0;0;0;0;0;0;0;0
585;3480;1;0;0;0;0;0;1;0
585;3481;2;1;0;0;0;0;2;0
585;3482;2;1;0;0;0;0;3;0
585;3483;1;3;1;0;0;0;1;1
585;3484;2;1;0;0;0;0;2;1
585;3485;1;1;0;0;0;0;2;1
585;3486;0;2;0;0;0;0;0;1
585;3487;1;0;0;0;0;0;1;1
587;3488;0;0;0;0;0;0;0;0
588;3489;0;0;0;0;0;0;0;0
588;3490;1;0;0;0;1;0;1;0
589;3491;0;0;0;0;0;0;0;0
589;3492;1;0;0;0;0;0;1;0
589;3493;1;1;0;0;1;0;1;0
589;3494;0;1;1;0;0;1;0;1
590;3495;0;0;0;0;0;0;0;0
590;3496;0;0;0;0;0;0;0;0
591;3497;0;0;0;0;0;0;0;0
592;3498;0;0;0;0;0;0;0;0
592;3499;0;0;1;0;0;0;0;1
592;3500;1;0;0;0;0;0;1;1
592;3501;0;1;0;1;0;0;0;0
592;3502;0;0;1;0;0;0;0;1
592;3503;1;0;0;0;0;0;1;1
592;3504;1;1;0;1;0;0;1;0
592;3505;0;0;0;0;0;0;1;0
592;3506;0;0;0;0;0;0;1;0
592;3507;2;1;0;0;0;0;2;0
592;3508;0;2;1;0;0;0;0;1
592;3509;0;0;0;0;0;0;0;1
592;3510;0;0;1;1;0;0;0;1
592;3511;0;0;0;0;0;0;0;1
592;3512;0;0;0;0;0;0;0;1
592;3513;1;0;0;0;0;0;1;1
592;3514;0;0;1;0;0;0;1;2
592;3515;0;0;0;0;0;0;1;2
593;3516;0;0;0;0;0;0;0;0
593;3517;1;0;0;0;0;0;1;0
593;3518;2;1;0;0;0;0;2;0
593;3519;2;1;0;0;0;0;3;0
593;3520;0;1;0;0;0;0;2;0
593;3521;2;1;0;0;0;0;3;0
593;3522;0;0;1;0;0;0;3;1
594;3523;0;0;0;0;0;0;0;0
594;3524;0;0;0;0;0;0;0;0
594;3525;1;0;0;0;0;0;1;0
594;3526;0;0;1;0;0;0;1;1
595;3527;0;0;0;0;0;0;0;0
595;3528;1;0;0;0;0;0;1;0
595;3529;2;1;0;0;0;0;2;0
595;3530;2;1;0;0;0;0;3;0
595;3531;0;1;0;0;0;0;2;0
595;3532;2;1;0;0;0;0;3;0
595;3533;0;0;1;0;0;0;3;1
595;3534;1;1;0;1;0;0;3;0
595;3535;2;1;0;0;0;0;4;0
596;3536;0;0;0;0;0;0;0;0
596;3537;1;0;0;0;0;0;1;0
596;3538;2;1;0;0;0;0;2;0
596;3539;2;1;0;0;0;0;3;0
596;3540;2;1;0;0;0;0;4;0
596;3541;0;0;1;0;0;0;4;1
596;3542;0;0;0;0;0;0;4;2
596;3543;0;0;1;1;0;0;4;1
597;3544;0;0;0;0;0;0;0;0
597;3545;1;0;0;0;0;0;1;0
597;3546;2;1;0;0;0;0;2;0
597;3547;1;2;0;0;0;0;1;0
597;3548;2;1;0;0;0;0;2;0
597;3549;1;2;0;0;0;0;1;0
598;3550;0;0;0;0;0;0;0;0
598;3551;0;0;1;0;0;0;0;1
598;3552;1;0;0;1;0;0;1;0
599;3553;0;0;0;0;0;0;0;0
599;3554;1;0;0;0;0;0;1;0
599;3555;2;1;0;0;0;0;2;0
600;3556;0;0;0;0;0;0;0;0
600;3558;1;0;0;0;0;0;1;0
600;3560;2;1;0;0;0;0;2;0
600;3564;2;1;0;0;0;0;3;0
600;3566;0;1;0;0;0;0;2;0
600;3567;2;1;0;0;0;0;3;0
600;3570;0;0;0;0;0;0;3;0
600;3571;2;1;0;0;1;0;4;0
601;3557;0;0;0;0;0;0;0;0
601;3559;1;0;0;0;0;0;1;0
601;3561;2;1;0;0;0;0;2;0
601;3562;1;1;0;0;0;0;2;0
601;3563;2;1;0;0;0;0;3;0
601;3565;0;1;0;0;0;0;2;0
601;3568;2;1;0;0;0;0;3;0
601;3569;2;1;0;0;0;0;4;0
601;3572;1;2;0;0;0;0;3;0
601;3575;0;0;1;0;0;0;3;1
601;3576;2;1;0;0;0;0;4;1
601;3579;1;1;0;1;0;0;4;0
601;3581;1;1;0;0;0;0;4;0
601;3589;1;1;0;0;0;0;4;0
601;3608;1;2;0;0;0;0;3;0
601;3624;1;1;0;0;0;0;3;0
601;3626;2;1;0;0;0;0;4;0
602;3573;0;0;0;0;0;0;0;0
602;3574;1;0;0;0;0;0;1;0
602;3577;0;0;1;0;0;0;1;1
602;3578;0;1;0;0;0;0;0;1
602;3580;1;0;0;1;0;0;1;0
602;3601;2;1;0;0;0;0;2;0
602;3602;0;0;0;0;0;0;2;0
602;3607;2;1;0;0;0;0;3;0
603;3582;0;0;0;0;0;0;0;0
603;3583;1;0;0;0;0;0;1;0
603;3584;0;1;1;0;0;0;0;1
603;3585;0;0;0;1;0;0;0;0
603;3588;1;0;0;0;0;0;1;0
603;3590;0;1;0;0;0;0;0;0
603;3591;1;0;0;0;0;0;1;0
603;3594;0;0;0;0;0;0;1;0
603;3597;0;0;1;0;0;0;1;1
603;3599;0;0;0;0;0;0;1;2
603;3600;0;0;1;0;0;0;1;3
603;3603;0;0;1;0;0;0;1;4
603;3605;0;0;1;0;0;0;1;5
603;3606;0;0;1;0;0;0;1;6
603;3612;0;0;0;5;0;0;1;0
603;3614;0;0;1;0;0;0;1;1
604;3586;0;0;0;0;0;0;0;0
604;3587;1;0;0;0;0;0;1;0
604;3592;0;0;0;0;0;0;1;0
604;3593;0;0;0;0;0;0;1;0
604;3595;1;1;0;0;0;0;1;0
604;3596;2;1;0;0;0;0;2;0
604;3598;1;2;0;0;0;0;1;0
604;3604;2;1;0;0;0;0;2;0
605;3609;0;0;0;0;0;0;0;0
605;3610;1;0;0;0;0;0;1;0
605;3611;2;1;0;0;0;0;2;0
605;3613;2;1;0;0;0;0;3;0
605;3616;2;1;0;0;0;0;4;0
605;3622;0;0;1;0;0;0;4;1
605;3631;0;0;1;1;0;0;4;1
606;3615;0;0;0;0;0;0;0;0
606;3617;1;0;0;0;0;0;1;0
606;3620;2;1;0;0;0;0;2;0
606;3625;2;1;0;0;0;0;3;0
606;3627;0;0;0;0;0;0;3;0
606;3628;0;0;0;0;0;0;3;0
606;3629;0;3;0;0;0;0;0;0
606;3632;1;0;0;0;0;0;1;0
606;3634;2;1;0;0;0;0;2;0
606;3635;0;0;0;0;0;0;2;0
606;3642;2;1;0;0;0;0;3;0
606;3647;1;3;1;0;0;0;1;1
606;3648;2;1;0;0;0;0;2;1
606;3656;0;0;0;0;0;0;2;2
606;3657;0;0;0;1;0;0;2;0
606;3659;2;1;0;0;0;0;3;0
606;3668;1;3;0;0;0;0;1;0
606;3669;0;0;0;0;0;0;1;0
606;3673;1;1;0;0;0;0;1;0
606;3674;0;0;0;0;0;0;1;0
606;3675;0;0;1;0;0;0;1;1
606;3676;0;0;0;0;0;0;1;1
607;3618;0;0;0;0;0;0;0;0
607;3619;1;0;0;0;0;0;1;0
607;3621;0;0;1;0;0;0;1;1
607;3623;2;1;0;1;0;0;2;0
607;3630;1;1;0;0;0;0;2;0
607;3633;2;1;0;0;0;0;3;0
607;3639;1;3;0;0;0;0;1;0
607;3644;1;1;0;0;0;0;1;0
607;3655;0;0;1;0;0;0;1;1
608;3636;0;0;0;0;0;0;0;0
608;3637;1;0;0;0;0;0;1;0
608;3638;2;1;0;0;0;0;2;0
608;3643;2;1;0;0;0;0;3;0
608;3649;1;2;0;0;0;0;2;0
608;3650;0;0;0;0;0;0;2;0
608;3651;0;0;1;0;0;0;2;1
608;3661;1;2;0;1;0;0;1;0
608;3662;2;1;0;0;0;0;2;0
608;3663;0;0;1;0;0;0;2;1
609;3640;0;0;0;0;0;0;0;0
609;3641;1;0;0;0;0;0;1;0
609;3645;0;0;0;0;0;0;1;0
609;3646;0;0;0;0;0;0;1;0
609;3652;0;1;1;0;0;0;0;1
609;3653;1;0;0;1;0;0;1;0
609;3654;2;1;0;0;0;0;2;0
609;3658;0;0;0;0;0;0;2;0
609;3660;0;0;1;0;0;0;2;1
609;3664;0;0;1;1;0;0;2;1
609;3665;0;0;1;1;0;0;2;1
610;3666;0;0;0;0;0;0;0;0
610;3667;1;0;0;0;0;0;1;0
611;3670;0;0;0;0;0;0;0;0
611;3671;1;0;0;0;0;0;1;0
611;3672;2;1;0;0;0;0;2;0
611;3677;2;1;0;0;0;0;3;0
611;3678;0;0;1;0;0;0;3;1
611;3679;0;0;1;1;0;0;3;1
612;3680;0;0;0;0;0;0;0;0
612;3681;1;0;0;0;0;0;1;0
612;3682;2;1;0;0;0;0;2;0
612;3683;1;2;1;0;0;0;1;1
613;3684;0;0;0;0;0;0;0;0
613;3685;1;0;0;0;0;0;1;0
613;3686;2;1;0;0;0;0;2;0
613;3687;0;0;0;0;0;0;2;0
615;3688;0;0;0;0;0;0;0;0
615;3689;1;0;0;0;0;0;1;0
615;3690;0;0;0;0;0;0;1;0
615;3691;2;1;0;0;0;0;2;0
615;3692;1;2;0;0;0;0;1;0
615;3693;0;0;0;0;0;0;1;0
615;3694;3;1;0;0;0;0;3;0
615;3695;0;0;1;0;0;0;3;1
615;3696;0;0;1;1;0;0;3;1
615;3697;2;1;0;0;0;0;4;1
616;3698;0;0;0;0;0;0;0;0
616;3699;1;0;0;0;0;0;1;0
616;3700;2;1;0;0;0;0;2;0
616;3701;0;0;0;0;0;0;2;0
616;3702;1;2;0;0;0;0;1;0
616;3703;2;1;0;0;0;0;2;0
616;3704;1;2;0;0;0;0;1;0
616;3705;2;1;0;0;0;0;2;0
616;3706;0;0;1;0;0;0;2;1
616;3707;1;2;1;1;0;0;1;1
616;3708;0;0;1;0;0;0;1;2
616;3709;0;0;1;1;0;0;1;2
616;3710;0;0;1;1;0;0;1;2
616;3711;2;1;0;0;0;0;2;2
617;3712;0;0;0;0;0;0;0;0
617;3713;1;0;0;0;0;0;1;0
617;3714;1;1;0;0;0;0;1;0
617;3715;1;0;0;0;1;0;2;0
618;3716;0;0;0;0;0;0;0;0
618;3717;1;0;0;0;0;0;1;0
618;3718;1;1;0;0;0;0;1;0
618;3719;0;0;0;0;0;0;1;0
618;3720;0;0;0;0;1;0;1;0
618;3721;1;0;0;0;0;0;2;0
618;3722;1;0;0;0;0;0;3;0
618;3723;0;0;1;0;0;1;3;1
618;3724;0;3;1;1;0;0;0;1
618;3725;0;0;0;0;0;0;0;1
618;3726;1;0;0;0;0;0;1;1
618;3727;0;0;1;0;0;0;1;2
618;3728;0;0;0;0;0;0;1;2
619;3729;0;0;0;0;0;0;0;0
619;3730;1;0;0;0;0;0;1;0
619;3731;1;0;0;0;0;0;2;0
619;3732;1;0;0;0;0;0;3;0
619;3733;0;0;1;0;0;0;3;1
619;3734;0;1;0;1;0;0;2;0
619;3735;1;0;0;0;0;0;3;0
620;3736;0;0;0;0;0;0;0;0
620;3737;0;0;1;0;0;0;0;1
621;3738;0;0;0;0;0;0;0;0
621;3739;1;0;0;0;0;0;1;0
621;3740;1;0;0;0;0;0;2;0
621;3741;0;2;1;0;0;0;0;1
621;3742;0;0;1;1;0;0;0;1
621;3743;0;0;1;0;0;0;0;2
622;3744;0;0;0;0;0;0;0;0
622;3745;0;0;1;0;0;0;0;1
622;3746;0;0;0;0;0;0;0;2
622;3747;1;0;0;1;0;0;1;0
622;3748;1;0;0;0;0;0;2;0
622;3749;1;0;0;0;0;0;3;0
622;3750;1;1;0;0;0;0;3;0
622;3751;0;1;0;0;0;0;2;0
622;3752;1;0;0;0;0;0;3;0
622;3753;0;0;1;0;0;0;3;1
622;3754;0;0;1;1;0;0;3;1
622;3755;0;0;0;0;0;0;3;1
622;3756;0;3;1;1;0;0;0;1
622;3757;0;0;0;0;0;0;0;2
622;3758;0;0;1;0;0;0;0;3
622;3759;0;0;0;0;0;0;0;4
622;3760;0;0;0;1;0;0;0;1
622;3761;0;0;0;0;0;0;0;2
622;3762;0;0;1;0;0;0;0;3
622;3765;1;0;0;0;0;0;1;3
622;3766;0;1;1;1;0;0;0;3
622;3767;0;0;1;1;0;0;0;3
622;3768;1;0;0;0;0;0;1;3
622;3769;0;0;1;0;0;0;1;4
622;3771;0;1;0;2;0;0;0;1
622;3772;0;0;1;1;0;0;0;1
622;3773;1;0;0;0;0;0;1;1
622;3775;0;1;1;1;0;0;0;1
623;3763;0;0;0;0;0;0;0;0
623;3764;1;0;0;0;0;0;1;0
623;3770;1;1;0;0;0;0;1;0
623;3774;1;0;0;0;0;0;2;0
623;3777;0;0;0;0;0;0;2;0
623;3779;0;2;1;0;0;0;0;1
623;3780;1;0;0;0;0;0;1;1
623;3781;1;0;0;0;0;0;2;1
623;3783;1;2;0;0;0;0;1;1
623;3785;0;0;1;0;0;0;1;2
623;3786;0;0;1;1;0;0;1;2
623;3789;0;1;1;2;0;0;0;1
623;3790;0;0;0;0;0;0;0;1
623;3791;0;0;1;1;0;0;0;1
623;3792;0;0;0;0;0;0;0;1
624;3776;0;0;0;0;0;0;0;0
624;3778;1;0;0;0;0;0;1;0
624;3782;1;0;0;0;0;0;2;0
624;3784;1;0;0;0;0;0;3;0
624;3787;1;0;0;0;0;0;4;0
624;3788;0;3;0;0;0;0;1;0
624;3793;0;0;1;0;0;0;1;1
624;3794;1;0;0;0;0;0;2;1
624;3795;1;0;0;0;0;0;3;1
625;3796;0;0;0;0;0;0;0;0
625;3797;1;0;0;0;0;0;1;0
625;3798;1;0;0;0;0;0;2;0
625;3799;1;0;0;0;0;0;3;0
625;3800;0;0;1;0;0;0;3;1
625;3801;1;0;0;0;0;0;4;1
625;3802;1;1;0;1;0;0;4;0
626;3803;0;0;0;0;0;0;0;0
626;3804;1;0;0;0;0;0;1;0
626;3805;1;0;0;0;1;0;2;0
626;3806;0;1;1;0;0;1;1;1
627;3807;0;0;0;0;0;0;0;0
628;3808;0;0;0;0;0;0;0;0
628;3809;1;0;0;0;0;0;1;0
628;3810;2;1;0;0;0;0;2;0
628;3811;2;1;0;0;0;0;3;0
628;3812;0;0;1;0;0;0;3;1
628;3813;0;0;1;0;0;0;3;2
628;3814;0;0;1;2;0;0;3;1
628;3815;0;0;1;1;0;0;3;1
628;3816;0;0;0;0;0;0;3;1
629;3817;0;0;0;0;0;0;0;0
629;3818;1;0;0;0;0;0;1;0
629;3819;2;1;0;0;0;0;2;0
629;3820;1;2;0;0;0;0;1;0
629;3821;2;1;0;0;0;0;2;0
629;3822;2;1;0;0;0;0;3;0
629;3823;2;1;0;0;0;0;4;0
629;3824;0;1;0;0;0;0;3;0
629;3825;2;1;0;0;0;0;4;0
629;3826;2;1;0;0;0;0;5;0
629;3827;0;0;1;0;0;0;5;1
629;3828;0;0;0;0;0;0;5;1
629;3829;0;0;0;0;0;0;5;1
629;3830;1;5;0;1;0;0;1;0
629;3831;2;1;0;0;0;0;2;0
629;3832;0;0;1;0;0;0;2;1
629;3833;2;1;0;0;0;0;3;1
630;3834;0;0;0;0;0;0;0;0
630;3835;1;0;0;0;0;0;1;0
630;3836;2;1;0;0;1;0;2;0
630;3837;1;2;1;0;0;1;1;1
631;3838;0;0;0;0;0;0;0;0
631;3839;1;0;0;0;0;0;1;0
631;3840;2;1;0;0;0;0;2;0
631;3841;0;0;0;0;0;0;2;0
631;3842;1;2;0;0;0;0;1;0
631;3843;0;0;0;0;0;0;1;0
631;3844;2;1;0;0;0;0;2;0
631;3845;1;2;0;0;0;0;1;0
631;3846;2;1;0;0;0;0;2;0
631;3847;2;1;0;0;0;0;3;0
631;3848;2;1;0;0;0;0;4;0
631;3849;1;1;0;0;0;0;4;0
631;3850;0;0;0;0;0;0;4;0
631;3851;1;2;1;0;0;0;3;1
631;3852;0;0;0;0;0;0;3;1
631;3853;0;0;0;0;0;0;3;1
631;3854;0;0;0;0;0;0;3;1
631;3855;0;0;1;1;0;0;3;1
631;3856;0;0;0;0;0;0;3;1
631;3857;2;1;0;0;0;0;4;1
632;3858;0;0;0;0;0;0;0;0
632;3859;1;0;0;0;0;0;1;0
633;3860;0;0;0;0;0;0;0;0
633;3861;1;0;0;0;0;0;1;0
633;3862;2;1;0;0;0;0;2;0
633;3863;0;0;1;0;0;0;2;1
634;3864;0;0;0;0;0;0;0;0
634;3865;1;0;0;0;0;0;1;0
634;3866;1;0;0;0;1;0;2;0
634;3867;0;2;1;0;0;1;0;1
635;3868;0;0;0;0;0;0;0;0
635;3869;0;0;0;0;0;0;0;0
635;3870;0;0;0;0;0;0;0;0
636;3871;0;0;0;0;0;0;0;0
636;3872;1;0;0;0;0;0;1;0
636;3873;1;0;0;0;0;0;2;0
636;3874;1;2;0;0;0;0;1;0
636;3875;1;0;0;0;0;0;2;0
636;3876;0;0;1;0;0;0;2;1
636;3877;1;0;0;1;0;0;3;0
636;3878;1;0;0;0;0;0;4;0
636;3879;1;0;0;0;0;0;5;0
636;3880;0;2;1;0;0;0;3;1
636;3881;1;0;0;0;0;0;4;1
637;3882;0;0;0;0;0;0;0;0
637;3883;1;0;0;0;0;0;1;0
637;3884;1;0;0;0;0;0;2;0
637;3885;0;0;1;0;0;0;2;1
637;3886;1;1;0;1;0;0;2;0
637;3887;1;0;0;0;0;0;3;0
637;3888;0;0;1;0;0;0;3;1
638;3889;0;0;0;0;0;0;0;0
638;3890;1;0;0;0;0;0;1;0
638;3891;2;1;0;0;1;0;2;0
638;3892;1;2;1;0;0;1;1;1
639;3893;0;0;0;0;0;0;0;0
639;3894;1;0;0;0;0;0;1;0
639;3895;2;1;0;0;0;0;2;0
639;3896;1;2;0;0;0;0;1;0
639;3897;0;0;0;0;0;0;1;0
639;3898;2;1;0;0;0;0;2;0
639;3899;0;0;1;0;0;0;2;1
640;3900;0;0;0;0;0;0;0;0
640;3901;1;0;0;0;0;0;1;0
640;3902;1;1;0;0;0;0;1;0
640;3903;1;0;0;0;0;0;2;0
640;3904;0;1;0;0;0;0;1;0
640;3905;1;1;0;0;0;0;1;0
640;3906;1;0;0;0;0;0;2;0
640;3907;1;0;0;0;0;0;3;0
640;3908;1;0;0;0;0;0;4;0
640;3909;0;0;1;0;0;0;4;1
640;3910;1;1;0;1;0;0;4;0
640;3911;0;0;1;0;0;0;4;1
641;3912;0;0;0;0;0;0;0;0
641;3913;1;0;0;0;0;0;1;0
641;3914;2;1;0;0;0;0;2;0
641;3915;1;1;0;0;0;0;2;0
642;3916;0;0;0;0;0;0;0;0
642;3917;0;0;1;0;0;0;0;1
643;3918;0;0;0;0;0;0;0;0
643;3919;0;0;0;0;0;0;0;0
643;3920;1;0;0;0;0;0;1;0
643;3921;2;1;0;0;1;0;2;0
643;3922;1;2;1;0;0;1;1;1
643;3923;0;0;1;0;0;0;1;2
643;3924;0;0;1;0;0;0;1;3
644;3925;0;0;0;0;0;0;0;0
645;3926;0;0;0;0;0;0;0;0
645;3927;1;0;0;0;0;0;1;0
645;3928;1;0;0;0;0;0;2;0
645;3929;1;1;0;0;0;0;2;0
645;3930;1;0;0;0;0;0;3;0
645;3931;0;0;1;0;0;0;3;1
645;3932;1;1;0;1;0;0;3;0
646;3933;0;0;0;0;0;0;0;0
646;3934;1;0;0;0;0;0;1;0
646;3935;1;0;0;0;0;0;2;0
646;3937;1;0;0;0;0;0;3;0
647;3936;0;0;0;0;0;0;0;0
647;3938;0;0;0;0;0;0;0;0
647;3939;1;0;0;0;0;0;1;0
647;3940;1;0;0;0;1;0;2;0
647;3944;0;2;1;0;0;1;0;1
647;3947;0;0;1;0;0;0;0;2
648;3941;0;0;0;0;0;0;0;0
648;3942;1;0;0;0;0;0;1;0
648;3943;1;0;0;0;0;0;2;0
648;3945;1;0;0;0;0;0;3;0
648;3946;0;0;0;0;0;0;4;0
648;3950;1;0;0;0;0;0;5;0
648;3951;0;0;0;0;0;0;6;0
648;3953;0;0;0;0;1;0;6;0
648;3955;0;0;0;0;0;0;7;0
648;3956;0;0;0;0;0;0;8;0
648;3958;0;0;1;0;0;1;8;1
648;3960;1;0;0;0;0;0;9;1
649;3948;0;0;0;0;0;0;0;0
650;3949;0;0;0;0;0;0;0;0
650;3952;0;0;1;0;0;0;0;1
650;3954;1;0;0;0;0;0;1;1
650;3957;1;0;0;0;0;0;2;1
650;3959;0;1;0;1;0;0;1;0
650;3961;1;0;0;0;0;0;2;0
650;3962;1;0;0;0;0;0;3;0
650;3963;0;2;0;0;0;0;1;0
650;3964;1;0;0;0;0;0;2;0
650;3965;0;0;1;0;0;0;2;1
650;3966;0;0;1;1;0;0;2;1
650;3967;0;0;0;1;0;0;2;0
650;3968;1;0;0;0;0;0;3;0
651;3969;0;0;0;0;0;0;0;0
651;3970;1;0;0;0;0;0;1;0
651;3971;1;0;0;0;0;0;2;0
652;3972;0;0;0;0;0;0;0;0
652;3973;1;0;0;0;0;0;1;0
652;3974;1;0;0;0;0;0;2;0
652;3975;1;0;0;0;0;0;3;0
652;3976;1;0;0;0;0;0;4;0
652;3977;0;0;1;0;0;0;4;1
653;3978;0;0;0;0;0;0;0;0
653;3979;1;0;0;0;0;0;1;0
653;3980;2;1;0;0;1;0;2;0
653;3981;1;2;1;0;0;1;1;1
653;3982;0;0;1;0;0;0;1;2
654;3983;0;0;0;0;0;0;0;0
654;3984;1;0;0;0;0;0;1;0
654;3985;2;1;0;0;0;0;2;0
654;3986;1;2;0;0;0;0;1;0
654;3987;2;1;0;0;0;0;2;0
654;3988;2;1;0;0;0;0;3;0
654;3989;2;1;0;0;0;0;4;0
654;3990;1;2;0;0;0;0;3;0
654;3991;1;2;0;0;0;0;2;0
654;3992;0;0;0;0;0;0;2;0
654;3993;0;0;1;0;0;0;2;1
654;3994;1;2;0;0;0;0;1;1
654;3995;2;1;0;0;0;0;2;1
654;3996;2;1;0;0;0;0;3;1
654;3997;1;1;0;0;0;0;3;1
654;3998;1;3;1;1;0;0;1;1
654;3999;0;0;1;0;0;0;1;2
655;4000;0;0;0;0;0;0;0;0
655;4001;1;0;0;0;0;0;1;0
655;4002;2;1;0;0;0;0;2;0
655;4003;1;2;1;0;0;0;1;1
655;4004;2;1;0;0;0;0;2;1
655;4005;2;1;0;0;0;0;3;1
655;4006;0;0;1;0;0;0;3;2
656;4007;0;0;0;0;0;0;0;0
656;4008;1;0;0;0;0;0;1;0
656;4009;2;1;0;0;0;0;2;0
656;4010;2;1;0;0;0;0;3;0
656;4011;0;1;0;0;0;0;2;0
656;4012;2;1;0;0;0;0;3;0
656;4013;2;1;0;0;0;0;4;0
656;4014;0;0;1;0;0;0;4;1
656;4015;0;0;1;1;0;0;4;1
657;4016;0;0;0;0;0;0;0;0
657;4017;1;0;0;0;0;0;1;0
657;4018;0;0;0;0;0;0;1;0
657;4019;0;0;0;0;0;0;1;0
657;4020;2;1;0;0;0;0;2;0
657;4021;1;2;0;0;0;0;1;0
657;4022;1;1;0;0;0;0;1;0
657;4023;2;1;0;0;0;0;2;0
657;4024;2;1;0;0;0;0;3;0
657;4025;1;2;1;0;0;0;2;1
657;4026;2;1;0;0;0;0;3;1
657;4027;1;1;0;0;0;0;3;1
657;4028;1;1;0;0;0;0;3;1
657;4029;0;0;1;0;0;0;3;2
657;4030;1;1;0;1;0;0;3;1
657;4031;0;0;1;0;0;0;3;2
658;4032;0;0;0;0;0;0;0;0
658;4033;1;0;0;0;0;0;1;0
658;4034;2;1;0;0;0;0;2;0
658;4035;1;1;0;0;0;0;2;0
658;4036;2;1;0;0;0;0;3;0
658;4037;0;0;1;0;0;0;3;1
658;4038;1;1;0;1;0;0;3;0
659;4039;0;0;0;0;0;0;0;0
660;4040;0;0;0;0;0;0;0;0
660;4041;1;0;0;0;0;0;1;0
661;4042;0;0;0;0;0;0;0;0
662;4043;0;0;0;0;0;0;0;0
662;4044;1;0;0;0;0;0;1;0
662;4045;0;0;1;0;0;0;1;1
663;4046;0;0;0;0;0;0;0;0
664;4047;0;0;0;0;0;0;0;0
665;4048;0;0;0;0;0;0;0;0
671;4049;0;0;0;0;0;0;0;0
671;4050;1;0;0;0;0;0;1;0
671;4051;1;1;0;0;0;0;1;0
671;4052;1;1;0;0;0;0;1;0
671;4053;0;1;0;0;0;0;0;0
671;4054;1;0;0;0;0;0;1;0
671;4055;0;0;0;0;0;0;1;0
671;4056;0;0;0;0;1;0;1;0
671;4057;1;1;0;0;0;1;1;0
671;4058;1;1;0;0;0;0;1;0
671;4059;1;1;0;0;0;0;1;0
671;4060;2;1;0;0;0;0;2;0
671;4061;1;2;0;0;0;0;1;0
671;4062;0;0;0;0;0;0;1;0
671;4063;1;1;0;0;0;0;1;0
671;4064;0;0;0;0;0;0;1;0
671;4065;0;0;0;0;0;0;1;0
671;4066;1;1;0;0;0;0;1;0
671;4067;0;0;0;0;0;0;1;0
672;4068;0;0;0;0;0;0;0;0
672;4069;0;0;0;0;0;0;0;0
673;4070;0;0;0;0;0;0;0;0
673;4071;0;0;0;0;0;0;0;0
674;4072;0;0;0;0;0;0;0;0
674;4073;0;0;0;0;0;0;0;0
675;4074;0;0;0;0;0;0;0;0
675;4075;0;0;0;0;0;0;0;0
675;4076;0;0;0;0;0;0;0;0
676;4077;0;0;0;0;0;0;0;0
676;4078;0;0;0;0;0;0;0;0
676;4079;0;0;0;0;0;0;0;0
676;4080;0;0;0;0;0;0;0;0
676;4081;0;0;0;0;0;0;0;0
676;4082;0;0;0;0;0;0;0;0
676;4083;0;0;0;0;0;0;0;0
676;4084;0;0;0;0;0;0;0;0
676;4085;0;0;0;0;0;0;0;0
677;4086;0;0;0;0;0;0;0;0
677;4087;0;0;0;0;0;0;0;0
678;4088;0;0;0;0;0;0;0;0
679;4089;0;0;0;0;0;0;0;0
680;4090;0;0;0;0;0;0;0;0
681;4091;0;0;0;0;0;0;0;0
682;4092;0;0;0;0;0;0;0;0
683;4093;0;0;0;0;0;0;0;0
684;4094;0;0;0;0;0;0;0;0
685;4095;0;0;0;0;0;0;0;0
686;4096;0;0;0;0;0;0;0;0
687;4097;0;0;0;0;0;0;0;0
688;4098;0;0;0;0;0;0;0;0
689;4099;0;0;0;0;0;0;0;0
689;4100;0;0;0;0;0;0;0;0
690;4101;0;0;0;0;0;0;0;0
691;4102;0;0;0;0;0;0;0;0
692;4103;0;0;0;0;0;0;0;0
693;4104;0;0;0;0;0;0;0;0
694;4105;0;0;0;0;0;0;0;0
695;4106;0;0;0;0;0;0;0;0
696;4107;0;0;0;0;0;0;0;0
697;4108;0;0;0;0;0;0;0;0
697;4109;0;0;0;0;0;0;0;0
698;4110;0;0;0;0;0;0;0;0
699;4111;0;0;0;0;0;0;0;0
699;4112;0;0;0;0;0;0;0;0
700;4113;0;0;0;0;0;0;0;0
701;4114;0;0;0;0;0;0;0;0
702;4115;0;0;0;0;0;0;0;0
703;4116;0;0;0;0;0;0;0;0
703;4117;0;0;0;0;0;0;0;0
703;4118;0;0;0;0;0;0;0;0
704;4119;0;0;0;0;0;0;0;0
705;4120;0;0;0;0;0;0;0;0
706;4121;0;0;0;0;0;0;0;0
707;4122;0;0;0;0;0;0;0;0
708;4123;0;0;0;0;0;0;0;0
709;4124;0;0;0;0;0;0;0;0
709;4125;0;0;0;0;0;0;0;0
710;4126;0;0;0;0;0;0;0;0
711;4127;0;0;0;0;0;0;0;0
712;4128;0;0;0;0;0;0;0;0
713;4129;0;0;0;0;0;0;0;0
714;4130;0;0;0;0;0;0;0;0
715;4131;0;0;0;0;0;0;0;0
716;4132;0;0;0;0;0;0;0;0
717;4133;0;0;0;0;0;0;0;0
718;4134;0;0;0;0;0;0;0;0
719;4135;0;0;0;0;0;0;0;0
719;4136;0;0;0;0;0;0;0;0
719;4137;0;0;0;0;0;0;0;0
720;4138;0;0;0;0;0;0;0;0
721;4139;0;0;0;0;0;0;0;0
722;4140;0;0;0;0;0;0;0;0
723;4141;0;0;0;0;0;0;0;0
723;4142;0;0;1;0;0;0;0;1
723;4143;0;0;1;1;0;0;0;1
723;4144;1;0;0;0;1;0;1;1
723;4145;0;0;0;0;0;1;1;1
723;4146;1;1;0;1;0;0;1;0
723;4147;0;1;0;0;0;0;0;0
723;4148;1;0;0;0;0;0;1;0
723;4149;1;1;0;0;0;0;1;0